provincia,total,acumuladas,lat,lng,mes,year,poblacion
Azuay,327,327,-2.897414,-79.004481,1,2015,
Bolívar,57,57,-1.605556,-79.003056,1,2015,
Carchi,63,63,0.81218,-77.71633,1,2015,
Cañar,87,87,-2.733333,-78.833333,1,2015,
Chimborazo,156,156,-1.674347,-78.64829399999999,1,2015,
Cotopaxi,164,164,-0.933333,-78.616667,1,2015,
El Oro,222,222,-3.266667,-79.966667,1,2015,
Esmeraldas,132,132,1.05,-79.2,1,2015,
Galápagos,1,1,-0.799999999999999,-89.4,1,2015,
Guayas,1555,1555,-2.183333,-79.883333,1,2015,
Imbabura,163,163,0.362678,-78.130667,1,2015,
Loja,225,225,-3.983333,-79.2,1,2015,
Los Ríos,280,280,-1.8,-79.533333,1,2015,
Manabí,475,475,-1.056181,-80.455217,1,2015,
Morona Santiago,33,33,-2.3,-78.116667,1,2015,
Napo,27,27,-0.989,-77.8159,1,2015,
Orellana,31,31,-0.466667,-76.966667,1,2015,
Otro,1,1,0.0,0.0,1,2015,
Pastaza,22,22,-1.066667,-78.001111,1,2015,
Pichincha,963,963,-0.218611,-78.509722,1,2015,
Santa Elena,108,108,-2.2267,-80.8583,1,2015,
Sto. Domingo Tsáchilas,139,139,-0.254167,-79.171944,1,2015,
Sucumbíos,42,42,0.084722,-76.882778,1,2015,
Tungurahua,212,212,-1.241667,-78.619722,1,2015,
Zamora Chinchipe,22,22,-4.12,-78.8,1,2015,
Azuay,292,619,-2.897414,-79.004481,2,2015,
Bolívar,78,135,-1.605556,-79.003056,2,2015,
Carchi,42,105,0.81218,-77.71633,2,2015,
Cañar,74,161,-2.733333,-78.833333,2,2015,
Chimborazo,187,343,-1.674347,-78.64829399999999,2,2015,
Cotopaxi,124,288,-0.933333,-78.616667,2,2015,
El Oro,208,430,-3.266667,-79.966667,2,2015,
Esmeraldas,112,244,1.05,-79.2,2,2015,
Galápagos,1,2,-0.799999999999999,-89.4,2,2015,
Guayas,1443,2998,-2.183333,-79.883333,2,2015,
Imbabura,134,297,0.362678,-78.130667,2,2015,
Loja,165,390,-3.983333,-79.2,2,2015,
Los Ríos,227,507,-1.8,-79.533333,2,2015,
Manabí,440,915,-1.056181,-80.455217,2,2015,
Morona Santiago,25,58,-2.3,-78.116667,2,2015,
Napo,18,45,-0.989,-77.8159,2,2015,
Orellana,25,56,-0.466667,-76.966667,2,2015,
Otro,1,2,0.0,0.0,2,2015,
Pastaza,20,42,-1.066667,-78.001111,2,2015,
Pichincha,872,1835,-0.218611,-78.509722,2,2015,
Santa Elena,80,188,-2.2267,-80.8583,2,2015,
Sto. Domingo Tsáchilas,139,278,-0.254167,-79.171944,2,2015,
Sucumbíos,38,80,0.084722,-76.882778,2,2015,
Tungurahua,211,423,-1.241667,-78.619722,2,2015,
Zamora Chinchipe,17,39,-4.12,-78.8,2,2015,
Azuay,329,948,-2.897414,-79.004481,3,2015,
Bolívar,71,206,-1.605556,-79.003056,3,2015,
Carchi,60,165,0.81218,-77.71633,3,2015,
Cañar,85,246,-2.733333,-78.833333,3,2015,
Chimborazo,206,549,-1.674347,-78.64829399999999,3,2015,
Cotopaxi,131,419,-0.933333,-78.616667,3,2015,
El Oro,245,675,-3.266667,-79.966667,3,2015,
Esmeraldas,122,366,1.05,-79.2,3,2015,
Galápagos,2,4,-0.799999999999999,-89.4,3,2015,
Guayas,1596,4594,-2.183333,-79.883333,3,2015,
Imbabura,167,464,0.362678,-78.130667,3,2015,
Loja,178,568,-3.983333,-79.2,3,2015,
Los Ríos,253,760,-1.8,-79.533333,3,2015,
Manabí,518,1433,-1.056181,-80.455217,3,2015,
Morona Santiago,30,88,-2.3,-78.116667,3,2015,
Napo,28,73,-0.989,-77.8159,3,2015,
Orellana,30,86,-0.466667,-76.966667,3,2015,
Otro,2,4,0.0,0.0,3,2015,
Pastaza,16,58,-1.066667,-78.001111,3,2015,
Pichincha,958,2793,-0.218611,-78.509722,3,2015,
Santa Elena,115,303,-2.2267,-80.8583,3,2015,
Sto. Domingo Tsáchilas,138,416,-0.254167,-79.171944,3,2015,
Sucumbíos,37,117,0.084722,-76.882778,3,2015,
Tungurahua,202,625,-1.241667,-78.619722,3,2015,
Zamora Chinchipe,22,61,-4.12,-78.8,3,2015,
Azuay,317,1265,-2.897414,-79.004481,4,2015,
Bolívar,65,271,-1.605556,-79.003056,4,2015,
Carchi,45,210,0.81218,-77.71633,4,2015,
Cañar,84,330,-2.733333,-78.833333,4,2015,
Chimborazo,194,743,-1.674347,-78.64829399999999,4,2015,
Cotopaxi,125,544,-0.933333,-78.616667,4,2015,
El Oro,227,902,-3.266667,-79.966667,4,2015,
Esmeraldas,144,510,1.05,-79.2,4,2015,
Galápagos,2,6,-0.799999999999999,-89.4,4,2015,
Guayas,1632,6226,-2.183333,-79.883333,4,2015,
Imbabura,140,604,0.362678,-78.130667,4,2015,
Loja,164,732,-3.983333,-79.2,4,2015,
Los Ríos,248,1008,-1.8,-79.533333,4,2015,
Manabí,553,1986,-1.056181,-80.455217,4,2015,
Morona Santiago,39,127,-2.3,-78.116667,4,2015,
Napo,28,101,-0.989,-77.8159,4,2015,
Orellana,26,112,-0.466667,-76.966667,4,2015,
Otro,0,4,0.0,0.0,4,2015,
Pastaza,17,75,-1.066667,-78.001111,4,2015,
Pichincha,982,3775,-0.218611,-78.509722,4,2015,
Santa Elena,111,414,-2.2267,-80.8583,4,2015,
Sto. Domingo Tsáchilas,138,554,-0.254167,-79.171944,4,2015,
Sucumbíos,37,154,0.084722,-76.882778,4,2015,
Tungurahua,205,830,-1.241667,-78.619722,4,2015,
Zamora Chinchipe,13,74,-4.12,-78.8,4,2015,
Azuay,290,1555,-2.897414,-79.004481,5,2015,
Bolívar,65,336,-1.605556,-79.003056,5,2015,
Carchi,56,266,0.81218,-77.71633,5,2015,
Cañar,87,417,-2.733333,-78.833333,5,2015,
Chimborazo,194,937,-1.674347,-78.64829399999999,5,2015,
Cotopaxi,143,687,-0.933333,-78.616667,5,2015,
El Oro,231,1133,-3.266667,-79.966667,5,2015,
Esmeraldas,150,660,1.05,-79.2,5,2015,
Galápagos,3,9,-0.799999999999999,-89.4,5,2015,
Guayas,1797,8023,-2.183333,-79.883333,5,2015,
Imbabura,147,751,0.362678,-78.130667,5,2015,
Loja,185,917,-3.983333,-79.2,5,2015,
Los Ríos,263,1271,-1.8,-79.533333,5,2015,
Manabí,606,2592,-1.056181,-80.455217,5,2015,
Morona Santiago,38,165,-2.3,-78.116667,5,2015,
Napo,37,138,-0.989,-77.8159,5,2015,
Orellana,38,150,-0.466667,-76.966667,5,2015,
Otro,3,7,0.0,0.0,5,2015,
Pastaza,25,100,-1.066667,-78.001111,5,2015,
Pichincha,948,4723,-0.218611,-78.509722,5,2015,
Santa Elena,120,534,-2.2267,-80.8583,5,2015,
Sto. Domingo Tsáchilas,155,709,-0.254167,-79.171944,5,2015,
Sucumbíos,49,203,0.084722,-76.882778,5,2015,
Tungurahua,211,1041,-1.241667,-78.619722,5,2015,
Zamora Chinchipe,25,99,-4.12,-78.8,5,2015,
Azuay,306,1861,-2.897414,-79.004481,6,2015,
Bolívar,63,399,-1.605556,-79.003056,6,2015,
Carchi,64,330,0.81218,-77.71633,6,2015,
Cañar,77,494,-2.733333,-78.833333,6,2015,
Chimborazo,184,1121,-1.674347,-78.64829399999999,6,2015,
Cotopaxi,131,818,-0.933333,-78.616667,6,2015,
El Oro,211,1344,-3.266667,-79.966667,6,2015,
Esmeraldas,120,780,1.05,-79.2,6,2015,
Galápagos,5,14,-0.799999999999999,-89.4,6,2015,
Guayas,1729,9752,-2.183333,-79.883333,6,2015,
Imbabura,126,877,0.362678,-78.130667,6,2015,
Loja,181,1098,-3.983333,-79.2,6,2015,
Los Ríos,247,1518,-1.8,-79.533333,6,2015,
Manabí,536,3128,-1.056181,-80.455217,6,2015,
Morona Santiago,36,201,-2.3,-78.116667,6,2015,
Napo,31,169,-0.989,-77.8159,6,2015,
Orellana,27,177,-0.466667,-76.966667,6,2015,
Otro,0,7,0.0,0.0,6,2015,
Pastaza,19,119,-1.066667,-78.001111,6,2015,
Pichincha,951,5674,-0.218611,-78.509722,6,2015,
Santa Elena,113,647,-2.2267,-80.8583,6,2015,
Sto. Domingo Tsáchilas,135,844,-0.254167,-79.171944,6,2015,
Sucumbíos,41,244,0.084722,-76.882778,6,2015,
Tungurahua,224,1265,-1.241667,-78.619722,6,2015,
Zamora Chinchipe,25,124,-4.12,-78.8,6,2015,
Azuay,301,2162,-2.897414,-79.004481,7,2015,
Bolívar,67,466,-1.605556,-79.003056,7,2015,
Carchi,57,387,0.81218,-77.71633,7,2015,
Cañar,83,577,-2.733333,-78.833333,7,2015,
Chimborazo,179,1300,-1.674347,-78.64829399999999,7,2015,
Cotopaxi,136,954,-0.933333,-78.616667,7,2015,
El Oro,232,1576,-3.266667,-79.966667,7,2015,
Esmeraldas,139,919,1.05,-79.2,7,2015,
Galápagos,3,17,-0.799999999999999,-89.4,7,2015,
Guayas,1545,11297,-2.183333,-79.883333,7,2015,
Imbabura,154,1031,0.362678,-78.130667,7,2015,
Loja,170,1268,-3.983333,-79.2,7,2015,
Los Ríos,273,1791,-1.8,-79.533333,7,2015,
Manabí,496,3624,-1.056181,-80.455217,7,2015,
Morona Santiago,37,238,-2.3,-78.116667,7,2015,
Napo,32,201,-0.989,-77.8159,7,2015,
Orellana,34,211,-0.466667,-76.966667,7,2015,
Otro,2,9,0.0,0.0,7,2015,
Pastaza,17,136,-1.066667,-78.001111,7,2015,
Pichincha,949,6623,-0.218611,-78.509722,7,2015,
Santa Elena,100,747,-2.2267,-80.8583,7,2015,
Sto. Domingo Tsáchilas,165,1009,-0.254167,-79.171944,7,2015,
Sucumbíos,43,287,0.084722,-76.882778,7,2015,
Tungurahua,238,1503,-1.241667,-78.619722,7,2015,
Zamora Chinchipe,22,146,-4.12,-78.8,7,2015,
Azuay,300,2462,-2.897414,-79.004481,8,2015,
Bolívar,63,529,-1.605556,-79.003056,8,2015,
Carchi,51,438,0.81218,-77.71633,8,2015,
Cañar,80,657,-2.733333,-78.833333,8,2015,
Chimborazo,181,1481,-1.674347,-78.64829399999999,8,2015,
Cotopaxi,155,1109,-0.933333,-78.616667,8,2015,
El Oro,206,1782,-3.266667,-79.966667,8,2015,
Esmeraldas,132,1051,1.05,-79.2,8,2015,
Galápagos,8,25,-0.799999999999999,-89.4,8,2015,
Guayas,1554,12851,-2.183333,-79.883333,8,2015,
Imbabura,153,1184,0.362678,-78.130667,8,2015,
Loja,168,1436,-3.983333,-79.2,8,2015,
Los Ríos,284,2075,-1.8,-79.533333,8,2015,
Manabí,480,4104,-1.056181,-80.455217,8,2015,
Morona Santiago,32,270,-2.3,-78.116667,8,2015,
Napo,28,229,-0.989,-77.8159,8,2015,
Orellana,28,239,-0.466667,-76.966667,8,2015,
Otro,2,11,0.0,0.0,8,2015,
Pastaza,28,164,-1.066667,-78.001111,8,2015,
Pichincha,962,7585,-0.218611,-78.509722,8,2015,
Santa Elena,92,839,-2.2267,-80.8583,8,2015,
Sto. Domingo Tsáchilas,166,1175,-0.254167,-79.171944,8,2015,
Sucumbíos,56,343,0.084722,-76.882778,8,2015,
Tungurahua,243,1746,-1.241667,-78.619722,8,2015,
Zamora Chinchipe,19,165,-4.12,-78.8,8,2015,
Azuay,291,2753,-2.897414,-79.004481,9,2015,
Bolívar,79,608,-1.605556,-79.003056,9,2015,
Carchi,44,482,0.81218,-77.71633,9,2015,
Cañar,101,758,-2.733333,-78.833333,9,2015,
Chimborazo,177,1658,-1.674347,-78.64829399999999,9,2015,
Cotopaxi,144,1253,-0.933333,-78.616667,9,2015,
El Oro,198,1980,-3.266667,-79.966667,9,2015,
Esmeraldas,111,1162,1.05,-79.2,9,2015,
Galápagos,4,29,-0.799999999999999,-89.4,9,2015,
Guayas,1528,14379,-2.183333,-79.883333,9,2015,
Imbabura,155,1339,0.362678,-78.130667,9,2015,
Loja,172,1608,-3.983333,-79.2,9,2015,
Los Ríos,226,2301,-1.8,-79.533333,9,2015,
Manabí,461,4565,-1.056181,-80.455217,9,2015,
Morona Santiago,40,310,-2.3,-78.116667,9,2015,
Napo,34,263,-0.989,-77.8159,9,2015,
Orellana,29,268,-0.466667,-76.966667,9,2015,
Otro,1,12,0.0,0.0,9,2015,
Pastaza,22,186,-1.066667,-78.001111,9,2015,
Pichincha,809,8394,-0.218611,-78.509722,9,2015,
Santa Elena,83,922,-2.2267,-80.8583,9,2015,
Sto. Domingo Tsáchilas,155,1330,-0.254167,-79.171944,9,2015,
Sucumbíos,40,383,0.084722,-76.882778,9,2015,
Tungurahua,213,1959,-1.241667,-78.619722,9,2015,
Zamora Chinchipe,15,180,-4.12,-78.8,9,2015,
Azuay,313,3066,-2.897414,-79.004481,10,2015,
Bolívar,64,672,-1.605556,-79.003056,10,2015,
Carchi,55,537,0.81218,-77.71633,10,2015,
Cañar,81,839,-2.733333,-78.833333,10,2015,
Chimborazo,169,1827,-1.674347,-78.64829399999999,10,2015,
Cotopaxi,113,1366,-0.933333,-78.616667,10,2015,
El Oro,225,2205,-3.266667,-79.966667,10,2015,
Esmeraldas,130,1292,1.05,-79.2,10,2015,
Galápagos,5,34,-0.799999999999999,-89.4,10,2015,
Guayas,1525,15904,-2.183333,-79.883333,10,2015,
Imbabura,152,1491,0.362678,-78.130667,10,2015,
Loja,199,1807,-3.983333,-79.2,10,2015,
Los Ríos,282,2583,-1.8,-79.533333,10,2015,
Manabí,467,5032,-1.056181,-80.455217,10,2015,
Morona Santiago,42,352,-2.3,-78.116667,10,2015,
Napo,23,286,-0.989,-77.8159,10,2015,
Orellana,38,306,-0.466667,-76.966667,10,2015,
Otro,1,13,0.0,0.0,10,2015,
Pastaza,18,204,-1.066667,-78.001111,10,2015,
Pichincha,973,9367,-0.218611,-78.509722,10,2015,
Santa Elena,121,1043,-2.2267,-80.8583,10,2015,
Sto. Domingo Tsáchilas,142,1472,-0.254167,-79.171944,10,2015,
Sucumbíos,48,431,0.084722,-76.882778,10,2015,
Tungurahua,217,2176,-1.241667,-78.619722,10,2015,
Zamora Chinchipe,12,192,-4.12,-78.8,10,2015,
Azuay,298,3364,-2.897414,-79.004481,11,2015,
Bolívar,58,730,-1.605556,-79.003056,11,2015,
Carchi,54,591,0.81218,-77.71633,11,2015,
Cañar,69,908,-2.733333,-78.833333,11,2015,
Chimborazo,180,2007,-1.674347,-78.64829399999999,11,2015,
Cotopaxi,121,1487,-0.933333,-78.616667,11,2015,
El Oro,198,2403,-3.266667,-79.966667,11,2015,
Esmeraldas,124,1416,1.05,-79.2,11,2015,
Galápagos,1,35,-0.799999999999999,-89.4,11,2015,
Guayas,1522,17426,-2.183333,-79.883333,11,2015,
Imbabura,144,1635,0.362678,-78.130667,11,2015,
Loja,147,1954,-3.983333,-79.2,11,2015,
Los Ríos,242,2825,-1.8,-79.533333,11,2015,
Manabí,441,5473,-1.056181,-80.455217,11,2015,
Morona Santiago,33,385,-2.3,-78.116667,11,2015,
Napo,31,317,-0.989,-77.8159,11,2015,
Orellana,34,340,-0.466667,-76.966667,11,2015,
Otro,1,14,0.0,0.0,11,2015,
Pastaza,18,222,-1.066667,-78.001111,11,2015,
Pichincha,918,10285,-0.218611,-78.509722,11,2015,
Santa Elena,78,1121,-2.2267,-80.8583,11,2015,
Sto. Domingo Tsáchilas,138,1610,-0.254167,-79.171944,11,2015,
Sucumbíos,41,472,0.084722,-76.882778,11,2015,
Tungurahua,203,2379,-1.241667,-78.619722,11,2015,
Zamora Chinchipe,20,212,-4.12,-78.8,11,2015,
Azuay,276,3640,-2.897414,-79.004481,12,2015,
Bolívar,65,795,-1.605556,-79.003056,12,2015,
Carchi,56,647,0.81218,-77.71633,12,2015,
Cañar,76,984,-2.733333,-78.833333,12,2015,
Chimborazo,183,2190,-1.674347,-78.64829399999999,12,2015,
Cotopaxi,136,1623,-0.933333,-78.616667,12,2015,
El Oro,197,2600,-3.266667,-79.966667,12,2015,
Esmeraldas,110,1526,1.05,-79.2,12,2015,
Galápagos,4,39,-0.799999999999999,-89.4,12,2015,
Guayas,1561,18987,-2.183333,-79.883333,12,2015,
Imbabura,140,1775,0.362678,-78.130667,12,2015,
Loja,155,2109,-3.983333,-79.2,12,2015,
Los Ríos,275,3100,-1.8,-79.533333,12,2015,
Manabí,433,5906,-1.056181,-80.455217,12,2015,
Morona Santiago,31,416,-2.3,-78.116667,12,2015,
Napo,18,335,-0.989,-77.8159,12,2015,
Orellana,39,379,-0.466667,-76.966667,12,2015,
Otro,0,14,0.0,0.0,12,2015,
Pastaza,19,241,-1.066667,-78.001111,12,2015,
Pichincha,942,11227,-0.218611,-78.509722,12,2015,
Santa Elena,87,1208,-2.2267,-80.8583,12,2015,
Sto. Domingo Tsáchilas,130,1740,-0.254167,-79.171944,12,2015,
Sucumbíos,31,503,0.084722,-76.882778,12,2015,
Tungurahua,202,2581,-1.241667,-78.619722,12,2015,
Zamora Chinchipe,13,225,-4.12,-78.8,12,2015,
Azuay,314,314,-2.897414,-79.004481,1,2016,
Bolívar,55,55,-1.605556,-79.003056,1,2016,
Carchi,61,61,0.81218,-77.71633,1,2016,
Cañar,84,84,-2.733333,-78.833333,1,2016,
Chimborazo,171,171,-1.674347,-78.64829399999999,1,2016,
Cotopaxi,151,151,-0.933333,-78.616667,1,2016,
El Oro,225,225,-3.266667,-79.966667,1,2016,
Esmeraldas,125,125,1.05,-79.2,1,2016,
Galápagos,6,6,-0.799999999999999,-89.4,1,2016,
Guayas,1668,1668,-2.183333,-79.883333,1,2016,
Imbabura,157,157,0.362678,-78.130667,1,2016,
Loja,180,180,-3.983333,-79.2,1,2016,
Los Ríos,286,286,-1.8,-79.533333,1,2016,
Manabí,482,482,-1.056181,-80.455217,1,2016,
Morona Santiago,42,42,-2.3,-78.116667,1,2016,
Napo,29,29,-0.989,-77.8159,1,2016,
Orellana,35,35,-0.466667,-76.966667,1,2016,
Otro,0,0,0.0,0.0,1,2016,
Pastaza,22,22,-1.066667,-78.001111,1,2016,
Pichincha,966,966,-0.218611,-78.509722,1,2016,
Santa Elena,100,100,-2.2267,-80.8583,1,2016,
Sto. Domingo Tsáchilas,161,161,-0.254167,-79.171944,1,2016,
Sucumbíos,53,53,0.084722,-76.882778,1,2016,
Tungurahua,242,242,-1.241667,-78.619722,1,2016,
Zamora Chinchipe,16,16,-4.12,-78.8,1,2016,
Azuay,282,596,-2.897414,-79.004481,2,2016,
Bolívar,61,116,-1.605556,-79.003056,2,2016,
Carchi,48,109,0.81218,-77.71633,2,2016,
Cañar,93,177,-2.733333,-78.833333,2,2016,
Chimborazo,177,348,-1.674347,-78.64829399999999,2,2016,
Cotopaxi,118,269,-0.933333,-78.616667,2,2016,
El Oro,216,441,-3.266667,-79.966667,2,2016,
Esmeraldas,119,244,1.05,-79.2,2,2016,
Galápagos,0,6,-0.799999999999999,-89.4,2,2016,
Guayas,1645,3313,-2.183333,-79.883333,2,2016,
Imbabura,160,317,0.362678,-78.130667,2,2016,
Loja,191,371,-3.983333,-79.2,2,2016,
Los Ríos,284,570,-1.8,-79.533333,2,2016,
Manabí,469,951,-1.056181,-80.455217,2,2016,
Morona Santiago,33,75,-2.3,-78.116667,2,2016,
Napo,28,57,-0.989,-77.8159,2,2016,
Orellana,29,64,-0.466667,-76.966667,2,2016,
Otro,1,1,0.0,0.0,2,2016,
Pastaza,26,48,-1.066667,-78.001111,2,2016,
Pichincha,915,1881,-0.218611,-78.509722,2,2016,
Santa Elena,107,207,-2.2267,-80.8583,2,2016,
Sto. Domingo Tsáchilas,169,330,-0.254167,-79.171944,2,2016,
Sucumbíos,33,86,0.084722,-76.882778,2,2016,
Tungurahua,215,457,-1.241667,-78.619722,2,2016,
Zamora Chinchipe,11,27,-4.12,-78.8,2,2016,
Azuay,353,949,-2.897414,-79.004481,3,2016,
Bolívar,73,189,-1.605556,-79.003056,3,2016,
Carchi,61,170,0.81218,-77.71633,3,2016,
Cañar,74,251,-2.733333,-78.833333,3,2016,
Chimborazo,184,532,-1.674347,-78.64829399999999,3,2016,
Cotopaxi,139,408,-0.933333,-78.616667,3,2016,
El Oro,214,655,-3.266667,-79.966667,3,2016,
Esmeraldas,154,398,1.05,-79.2,3,2016,
Galápagos,4,10,-0.799999999999999,-89.4,3,2016,
Guayas,2047,5360,-2.183333,-79.883333,3,2016,
Imbabura,137,454,0.362678,-78.130667,3,2016,
Loja,191,562,-3.983333,-79.2,3,2016,
Los Ríos,324,894,-1.8,-79.533333,3,2016,
Manabí,615,1566,-1.056181,-80.455217,3,2016,
Morona Santiago,40,115,-2.3,-78.116667,3,2016,
Napo,25,82,-0.989,-77.8159,3,2016,
Orellana,32,96,-0.466667,-76.966667,3,2016,
Otro,0,1,0.0,0.0,3,2016,
Pastaza,43,91,-1.066667,-78.001111,3,2016,
Pichincha,990,2871,-0.218611,-78.509722,3,2016,
Santa Elena,104,311,-2.2267,-80.8583,3,2016,
Sto. Domingo Tsáchilas,165,495,-0.254167,-79.171944,3,2016,
Sucumbíos,43,129,0.084722,-76.882778,3,2016,
Tungurahua,226,683,-1.241667,-78.619722,3,2016,
Zamora Chinchipe,18,45,-4.12,-78.8,3,2016,
Azuay,306,1255,-2.897414,-79.004481,4,2016,
Bolívar,82,271,-1.605556,-79.003056,4,2016,
Carchi,49,219,0.81218,-77.71633,4,2016,
Cañar,76,327,-2.733333,-78.833333,4,2016,
Chimborazo,201,733,-1.674347,-78.64829399999999,4,2016,
Cotopaxi,145,553,-0.933333,-78.616667,4,2016,
El Oro,238,893,-3.266667,-79.966667,4,2016,
Esmeraldas,118,516,1.05,-79.2,4,2016,
Galápagos,3,13,-0.799999999999999,-89.4,4,2016,
Guayas,1660,7020,-2.183333,-79.883333,4,2016,
Imbabura,163,617,0.362678,-78.130667,4,2016,
Loja,180,742,-3.983333,-79.2,4,2016,
Los Ríos,248,1142,-1.8,-79.533333,4,2016,
Manabí,1102,2668,-1.056181,-80.455217,4,2016,
Morona Santiago,43,158,-2.3,-78.116667,4,2016,
Napo,31,113,-0.989,-77.8159,4,2016,
Orellana,42,138,-0.466667,-76.966667,4,2016,
Otro,0,1,0.0,0.0,4,2016,
Pastaza,18,109,-1.066667,-78.001111,4,2016,
Pichincha,1092,3963,-0.218611,-78.509722,4,2016,
Santa Elena,91,402,-2.2267,-80.8583,4,2016,
Sto. Domingo Tsáchilas,151,646,-0.254167,-79.171944,4,2016,
Sucumbíos,62,191,0.084722,-76.882778,4,2016,
Tungurahua,234,917,-1.241667,-78.619722,4,2016,
Zamora Chinchipe,21,66,-4.12,-78.8,4,2016,
Azuay,311,1566,-2.897414,-79.004481,5,2016,
Bolívar,67,338,-1.605556,-79.003056,5,2016,
Carchi,55,274,0.81218,-77.71633,5,2016,
Cañar,91,418,-2.733333,-78.833333,5,2016,
Chimborazo,191,924,-1.674347,-78.64829399999999,5,2016,
Cotopaxi,149,702,-0.933333,-78.616667,5,2016,
El Oro,230,1123,-3.266667,-79.966667,5,2016,
Esmeraldas,118,634,1.05,-79.2,5,2016,
Galápagos,4,17,-0.799999999999999,-89.4,5,2016,
Guayas,1664,8684,-2.183333,-79.883333,5,2016,
Imbabura,155,772,0.362678,-78.130667,5,2016,
Loja,188,930,-3.983333,-79.2,5,2016,
Los Ríos,293,1435,-1.8,-79.533333,5,2016,
Manabí,418,3086,-1.056181,-80.455217,5,2016,
Morona Santiago,35,193,-2.3,-78.116667,5,2016,
Napo,25,138,-0.989,-77.8159,5,2016,
Orellana,22,160,-0.466667,-76.966667,5,2016,
Otro,0,1,0.0,0.0,5,2016,
Pastaza,19,128,-1.066667,-78.001111,5,2016,
Pichincha,1049,5012,-0.218611,-78.509722,5,2016,
Santa Elena,91,493,-2.2267,-80.8583,5,2016,
Sto. Domingo Tsáchilas,157,803,-0.254167,-79.171944,5,2016,
Sucumbíos,42,233,0.084722,-76.882778,5,2016,
Tungurahua,232,1149,-1.241667,-78.619722,5,2016,
Zamora Chinchipe,10,76,-4.12,-78.8,5,2016,
Azuay,281,1847,-2.897414,-79.004481,6,2016,
Bolívar,55,393,-1.605556,-79.003056,6,2016,
Carchi,42,316,0.81218,-77.71633,6,2016,
Cañar,78,496,-2.733333,-78.833333,6,2016,
Chimborazo,183,1107,-1.674347,-78.64829399999999,6,2016,
Cotopaxi,134,836,-0.933333,-78.616667,6,2016,
El Oro,222,1345,-3.266667,-79.966667,6,2016,
Esmeraldas,91,725,1.05,-79.2,6,2016,
Galápagos,3,20,-0.799999999999999,-89.4,6,2016,
Guayas,1624,10308,-2.183333,-79.883333,6,2016,
Imbabura,154,926,0.362678,-78.130667,6,2016,
Loja,177,1107,-3.983333,-79.2,6,2016,
Los Ríos,272,1707,-1.8,-79.533333,6,2016,
Manabí,460,3546,-1.056181,-80.455217,6,2016,
Morona Santiago,28,221,-2.3,-78.116667,6,2016,
Napo,29,167,-0.989,-77.8159,6,2016,
Orellana,22,182,-0.466667,-76.966667,6,2016,
Otro,1,2,0.0,0.0,6,2016,
Pastaza,18,146,-1.066667,-78.001111,6,2016,
Pichincha,1014,6026,-0.218611,-78.509722,6,2016,
Santa Elena,96,589,-2.2267,-80.8583,6,2016,
Sto. Domingo Tsáchilas,170,973,-0.254167,-79.171944,6,2016,
Sucumbíos,53,286,0.084722,-76.882778,6,2016,
Tungurahua,203,1352,-1.241667,-78.619722,6,2016,
Zamora Chinchipe,21,97,-4.12,-78.8,6,2016,
Azuay,318,2165,-2.897414,-79.004481,7,2016,
Bolívar,57,450,-1.605556,-79.003056,7,2016,
Carchi,63,379,0.81218,-77.71633,7,2016,
Cañar,105,601,-2.733333,-78.833333,7,2016,
Chimborazo,196,1303,-1.674347,-78.64829399999999,7,2016,
Cotopaxi,156,992,-0.933333,-78.616667,7,2016,
El Oro,222,1567,-3.266667,-79.966667,7,2016,
Esmeraldas,117,842,1.05,-79.2,7,2016,
Galápagos,6,26,-0.799999999999999,-89.4,7,2016,
Guayas,1502,11810,-2.183333,-79.883333,7,2016,
Imbabura,146,1072,0.362678,-78.130667,7,2016,
Loja,188,1295,-3.983333,-79.2,7,2016,
Los Ríos,269,1976,-1.8,-79.533333,7,2016,
Manabí,503,4049,-1.056181,-80.455217,7,2016,
Morona Santiago,37,258,-2.3,-78.116667,7,2016,
Napo,16,183,-0.989,-77.8159,7,2016,
Orellana,22,204,-0.466667,-76.966667,7,2016,
Otro,1,3,0.0,0.0,7,2016,
Pastaza,21,167,-1.066667,-78.001111,7,2016,
Pichincha,965,6991,-0.218611,-78.509722,7,2016,
Santa Elena,101,690,-2.2267,-80.8583,7,2016,
Sto. Domingo Tsáchilas,147,1120,-0.254167,-79.171944,7,2016,
Sucumbíos,47,333,0.084722,-76.882778,7,2016,
Tungurahua,246,1598,-1.241667,-78.619722,7,2016,
Zamora Chinchipe,13,110,-4.12,-78.8,7,2016,
Azuay,314,2479,-2.897414,-79.004481,8,2016,
Bolívar,61,511,-1.605556,-79.003056,8,2016,
Carchi,50,429,0.81218,-77.71633,8,2016,
Cañar,96,697,-2.733333,-78.833333,8,2016,
Chimborazo,195,1498,-1.674347,-78.64829399999999,8,2016,
Cotopaxi,135,1127,-0.933333,-78.616667,8,2016,
El Oro,211,1778,-3.266667,-79.966667,8,2016,
Esmeraldas,128,970,1.05,-79.2,8,2016,
Galápagos,6,32,-0.799999999999999,-89.4,8,2016,
Guayas,1534,13344,-2.183333,-79.883333,8,2016,
Imbabura,167,1239,0.362678,-78.130667,8,2016,
Loja,180,1475,-3.983333,-79.2,8,2016,
Los Ríos,305,2281,-1.8,-79.533333,8,2016,
Manabí,509,4558,-1.056181,-80.455217,8,2016,
Morona Santiago,34,292,-2.3,-78.116667,8,2016,
Napo,29,212,-0.989,-77.8159,8,2016,
Orellana,30,234,-0.466667,-76.966667,8,2016,
Otro,0,3,0.0,0.0,8,2016,
Pastaza,29,196,-1.066667,-78.001111,8,2016,
Pichincha,960,7951,-0.218611,-78.509722,8,2016,
Santa Elena,104,794,-2.2267,-80.8583,8,2016,
Sto. Domingo Tsáchilas,142,1262,-0.254167,-79.171944,8,2016,
Sucumbíos,39,372,0.084722,-76.882778,8,2016,
Tungurahua,270,1868,-1.241667,-78.619722,8,2016,
Zamora Chinchipe,22,132,-4.12,-78.8,8,2016,
Azuay,315,2794,-2.897414,-79.004481,9,2016,
Bolívar,68,579,-1.605556,-79.003056,9,2016,
Carchi,54,483,0.81218,-77.71633,9,2016,
Cañar,87,784,-2.733333,-78.833333,9,2016,
Chimborazo,186,1684,-1.674347,-78.64829399999999,9,2016,
Cotopaxi,142,1269,-0.933333,-78.616667,9,2016,
El Oro,215,1993,-3.266667,-79.966667,9,2016,
Esmeraldas,111,1081,1.05,-79.2,9,2016,
Galápagos,6,38,-0.799999999999999,-89.4,9,2016,
Guayas,1577,14921,-2.183333,-79.883333,9,2016,
Imbabura,129,1368,0.362678,-78.130667,9,2016,
Loja,188,1663,-3.983333,-79.2,9,2016,
Los Ríos,241,2522,-1.8,-79.533333,9,2016,
Manabí,488,5046,-1.056181,-80.455217,9,2016,
Morona Santiago,29,321,-2.3,-78.116667,9,2016,
Napo,16,228,-0.989,-77.8159,9,2016,
Orellana,29,263,-0.466667,-76.966667,9,2016,
Otro,0,3,0.0,0.0,9,2016,
Pastaza,27,223,-1.066667,-78.001111,9,2016,
Pichincha,922,8873,-0.218611,-78.509722,9,2016,
Santa Elena,113,907,-2.2267,-80.8583,9,2016,
Sto. Domingo Tsáchilas,160,1422,-0.254167,-79.171944,9,2016,
Sucumbíos,33,405,0.084722,-76.882778,9,2016,
Tungurahua,207,2075,-1.241667,-78.619722,9,2016,
Zamora Chinchipe,17,149,-4.12,-78.8,9,2016,
Azuay,324,3118,-2.897414,-79.004481,10,2016,
Bolívar,74,653,-1.605556,-79.003056,10,2016,
Carchi,57,540,0.81218,-77.71633,10,2016,
Cañar,96,880,-2.733333,-78.833333,10,2016,
Chimborazo,186,1870,-1.674347,-78.64829399999999,10,2016,
Cotopaxi,141,1410,-0.933333,-78.616667,10,2016,
El Oro,218,2211,-3.266667,-79.966667,10,2016,
Esmeraldas,111,1192,1.05,-79.2,10,2016,
Galápagos,8,46,-0.799999999999999,-89.4,10,2016,
Guayas,1638,16559,-2.183333,-79.883333,10,2016,
Imbabura,135,1503,0.362678,-78.130667,10,2016,
Loja,191,1854,-3.983333,-79.2,10,2016,
Los Ríos,295,2817,-1.8,-79.533333,10,2016,
Manabí,536,5582,-1.056181,-80.455217,10,2016,
Morona Santiago,46,367,-2.3,-78.116667,10,2016,
Napo,26,254,-0.989,-77.8159,10,2016,
Orellana,19,282,-0.466667,-76.966667,10,2016,
Otro,0,3,0.0,0.0,10,2016,
Pastaza,27,250,-1.066667,-78.001111,10,2016,
Pichincha,988,9861,-0.218611,-78.509722,10,2016,
Santa Elena,86,993,-2.2267,-80.8583,10,2016,
Sto. Domingo Tsáchilas,154,1576,-0.254167,-79.171944,10,2016,
Sucumbíos,36,441,0.084722,-76.882778,10,2016,
Tungurahua,213,2288,-1.241667,-78.619722,10,2016,
Zamora Chinchipe,21,170,-4.12,-78.8,10,2016,
Azuay,305,3423,-2.897414,-79.004481,11,2016,
Bolívar,66,719,-1.605556,-79.003056,11,2016,
Carchi,47,587,0.81218,-77.71633,11,2016,
Cañar,70,950,-2.733333,-78.833333,11,2016,
Chimborazo,193,2063,-1.674347,-78.64829399999999,11,2016,
Cotopaxi,132,1542,-0.933333,-78.616667,11,2016,
El Oro,206,2417,-3.266667,-79.966667,11,2016,
Esmeraldas,122,1314,1.05,-79.2,11,2016,
Galápagos,3,49,-0.799999999999999,-89.4,11,2016,
Guayas,1618,18177,-2.183333,-79.883333,11,2016,
Imbabura,150,1653,0.362678,-78.130667,11,2016,
Loja,158,2012,-3.983333,-79.2,11,2016,
Los Ríos,278,3095,-1.8,-79.533333,11,2016,
Manabí,491,6073,-1.056181,-80.455217,11,2016,
Morona Santiago,43,410,-2.3,-78.116667,11,2016,
Napo,28,282,-0.989,-77.8159,11,2016,
Orellana,23,305,-0.466667,-76.966667,11,2016,
Otro,0,3,0.0,0.0,11,2016,
Pastaza,22,272,-1.066667,-78.001111,11,2016,
Pichincha,952,10813,-0.218611,-78.509722,11,2016,
Santa Elena,103,1096,-2.2267,-80.8583,11,2016,
Sto. Domingo Tsáchilas,156,1732,-0.254167,-79.171944,11,2016,
Sucumbíos,46,487,0.084722,-76.882778,11,2016,
Tungurahua,213,2501,-1.241667,-78.619722,11,2016,
Zamora Chinchipe,16,186,-4.12,-78.8,11,2016,
Azuay,271,3694,-2.897414,-79.004481,12,2016,
Bolívar,64,783,-1.605556,-79.003056,12,2016,
Carchi,52,639,0.81218,-77.71633,12,2016,
Cañar,60,1010,-2.733333,-78.833333,12,2016,
Chimborazo,164,2227,-1.674347,-78.64829399999999,12,2016,
Cotopaxi,135,1677,-0.933333,-78.616667,12,2016,
El Oro,219,2636,-3.266667,-79.966667,12,2016,
Esmeraldas,86,1400,1.05,-79.2,12,2016,
Galápagos,2,51,-0.799999999999999,-89.4,12,2016,
Guayas,1699,19876,-2.183333,-79.883333,12,2016,
Imbabura,160,1813,0.362678,-78.130667,12,2016,
Loja,138,2150,-3.983333,-79.2,12,2016,
Los Ríos,263,3358,-1.8,-79.533333,12,2016,
Manabí,465,6538,-1.056181,-80.455217,12,2016,
Morona Santiago,25,435,-2.3,-78.116667,12,2016,
Napo,30,312,-0.989,-77.8159,12,2016,
Orellana,23,328,-0.466667,-76.966667,12,2016,
Otro,0,3,0.0,0.0,12,2016,
Pastaza,16,288,-1.066667,-78.001111,12,2016,
Pichincha,1012,11825,-0.218611,-78.509722,12,2016,
Santa Elena,86,1182,-2.2267,-80.8583,12,2016,
Sto. Domingo Tsáchilas,148,1880,-0.254167,-79.171944,12,2016,
Sucumbíos,39,526,0.084722,-76.882778,12,2016,
Tungurahua,169,2670,-1.241667,-78.619722,12,2016,
Zamora Chinchipe,19,205,-4.12,-78.8,12,2016,
Azuay,319,319,-2.897414,-79.004481,1,2017,
Bolívar,51,51,-1.605556,-79.003056,1,2017,
Carchi,53,53,0.81218,-77.71633,1,2017,
Cañar,81,81,-2.733333,-78.833333,1,2017,
Chimborazo,209,209,-1.674347,-78.64829399999999,1,2017,
Cotopaxi,160,160,-0.933333,-78.616667,1,2017,
El Oro,238,238,-3.266667,-79.966667,1,2017,
Esmeraldas,118,118,1.05,-79.2,1,2017,
Galápagos,5,5,-0.799999999999999,-89.4,1,2017,
Guayas,1725,1725,-2.183333,-79.883333,1,2017,
Imbabura,194,194,0.362678,-78.130667,1,2017,
Loja,189,189,-3.983333,-79.2,1,2017,
Los Ríos,301,301,-1.8,-79.533333,1,2017,
Manabí,543,543,-1.056181,-80.455217,1,2017,
Morona Santiago,40,40,-2.3,-78.116667,1,2017,
Napo,34,34,-0.989,-77.8159,1,2017,
Orellana,33,33,-0.466667,-76.966667,1,2017,
Otro,0,0,0.0,0.0,1,2017,
Pastaza,23,23,-1.066667,-78.001111,1,2017,
Pichincha,1128,1128,-0.218611,-78.509722,1,2017,
Santa Elena,123,123,-2.2267,-80.8583,1,2017,
Sto. Domingo Tsáchilas,170,170,-0.254167,-79.171944,1,2017,
Sucumbíos,49,49,0.084722,-76.882778,1,2017,
Tungurahua,238,238,-1.241667,-78.619722,1,2017,
Zamora Chinchipe,4,4,-4.12,-78.8,1,2017,
Azuay,301,620,-2.897414,-79.004481,2,2017,
Bolívar,54,105,-1.605556,-79.003056,2,2017,
Carchi,53,106,0.81218,-77.71633,2,2017,
Cañar,92,173,-2.733333,-78.833333,2,2017,
Chimborazo,204,413,-1.674347,-78.64829399999999,2,2017,
Cotopaxi,128,288,-0.933333,-78.616667,2,2017,
El Oro,204,442,-3.266667,-79.966667,2,2017,
Esmeraldas,132,250,1.05,-79.2,2,2017,
Galápagos,5,10,-0.799999999999999,-89.4,2,2017,
Guayas,1627,3352,-2.183333,-79.883333,2,2017,
Imbabura,186,380,0.362678,-78.130667,2,2017,
Loja,186,375,-3.983333,-79.2,2,2017,
Los Ríos,260,561,-1.8,-79.533333,2,2017,
Manabí,522,1065,-1.056181,-80.455217,2,2017,
Morona Santiago,39,79,-2.3,-78.116667,2,2017,
Napo,40,74,-0.989,-77.8159,2,2017,
Orellana,26,59,-0.466667,-76.966667,2,2017,
Otro,0,0,0.0,0.0,2,2017,
Pastaza,20,43,-1.066667,-78.001111,2,2017,
Pichincha,1004,2132,-0.218611,-78.509722,2,2017,
Santa Elena,111,234,-2.2267,-80.8583,2,2017,
Sto. Domingo Tsáchilas,149,319,-0.254167,-79.171944,2,2017,
Sucumbíos,60,109,0.084722,-76.882778,2,2017,
Tungurahua,212,450,-1.241667,-78.619722,2,2017,
Zamora Chinchipe,30,34,-4.12,-78.8,2,2017,
Azuay,329,949,-2.897414,-79.004481,3,2017,
Bolívar,86,191,-1.605556,-79.003056,3,2017,
Carchi,62,168,0.81218,-77.71633,3,2017,
Cañar,108,281,-2.733333,-78.833333,3,2017,
Chimborazo,210,623,-1.674347,-78.64829399999999,3,2017,
Cotopaxi,157,445,-0.933333,-78.616667,3,2017,
El Oro,287,729,-3.266667,-79.966667,3,2017,
Esmeraldas,125,375,1.05,-79.2,3,2017,
Galápagos,2,12,-0.799999999999999,-89.4,3,2017,
Guayas,2048,5400,-2.183333,-79.883333,3,2017,
Imbabura,180,560,0.362678,-78.130667,3,2017,
Loja,219,594,-3.983333,-79.2,3,2017,
Los Ríos,345,906,-1.8,-79.533333,3,2017,
Manabí,592,1657,-1.056181,-80.455217,3,2017,
Morona Santiago,38,117,-2.3,-78.116667,3,2017,
Napo,29,103,-0.989,-77.8159,3,2017,
Orellana,44,103,-0.466667,-76.966667,3,2017,
Otro,1,1,0.0,0.0,3,2017,
Pastaza,26,69,-1.066667,-78.001111,3,2017,
Pichincha,1085,3217,-0.218611,-78.509722,3,2017,
Santa Elena,161,395,-2.2267,-80.8583,3,2017,
Sto. Domingo Tsáchilas,189,508,-0.254167,-79.171944,3,2017,
Sucumbíos,44,153,0.084722,-76.882778,3,2017,
Tungurahua,247,697,-1.241667,-78.619722,3,2017,
Zamora Chinchipe,22,56,-4.12,-78.8,3,2017,
Azuay,330,1279,-2.897414,-79.004481,4,2017,
Bolívar,75,266,-1.605556,-79.003056,4,2017,
Carchi,69,237,0.81218,-77.71633,4,2017,
Cañar,107,388,-2.733333,-78.833333,4,2017,
Chimborazo,193,816,-1.674347,-78.64829399999999,4,2017,
Cotopaxi,177,622,-0.933333,-78.616667,4,2017,
El Oro,254,983,-3.266667,-79.966667,4,2017,
Esmeraldas,108,483,1.05,-79.2,4,2017,
Galápagos,7,19,-0.799999999999999,-89.4,4,2017,
Guayas,1802,7202,-2.183333,-79.883333,4,2017,
Imbabura,168,728,0.362678,-78.130667,4,2017,
Loja,192,786,-3.983333,-79.2,4,2017,
Los Ríos,309,1215,-1.8,-79.533333,4,2017,
Manabí,530,2187,-1.056181,-80.455217,4,2017,
Morona Santiago,33,150,-2.3,-78.116667,4,2017,
Napo,24,127,-0.989,-77.8159,4,2017,
Orellana,28,131,-0.466667,-76.966667,4,2017,
Otro,0,1,0.0,0.0,4,2017,
Pastaza,32,101,-1.066667,-78.001111,4,2017,
Pichincha,1048,4265,-0.218611,-78.509722,4,2017,
Santa Elena,126,521,-2.2267,-80.8583,4,2017,
Sto. Domingo Tsáchilas,138,646,-0.254167,-79.171944,4,2017,
Sucumbíos,44,197,0.084722,-76.882778,4,2017,
Tungurahua,210,907,-1.241667,-78.619722,4,2017,
Zamora Chinchipe,15,71,-4.12,-78.8,4,2017,
Azuay,350,1629,-2.897414,-79.004481,5,2017,
Bolívar,69,335,-1.605556,-79.003056,5,2017,
Carchi,49,286,0.81218,-77.71633,5,2017,
Cañar,79,467,-2.733333,-78.833333,5,2017,
Chimborazo,226,1042,-1.674347,-78.64829399999999,5,2017,
Cotopaxi,188,810,-0.933333,-78.616667,5,2017,
El Oro,237,1220,-3.266667,-79.966667,5,2017,
Esmeraldas,126,609,1.05,-79.2,5,2017,
Galápagos,3,22,-0.799999999999999,-89.4,5,2017,
Guayas,1837,9039,-2.183333,-79.883333,5,2017,
Imbabura,153,881,0.362678,-78.130667,5,2017,
Loja,205,991,-3.983333,-79.2,5,2017,
Los Ríos,269,1484,-1.8,-79.533333,5,2017,
Manabí,496,2683,-1.056181,-80.455217,5,2017,
Morona Santiago,33,183,-2.3,-78.116667,5,2017,
Napo,35,162,-0.989,-77.8159,5,2017,
Orellana,33,164,-0.466667,-76.966667,5,2017,
Otro,1,2,0.0,0.0,5,2017,
Pastaza,23,124,-1.066667,-78.001111,5,2017,
Pichincha,1037,5302,-0.218611,-78.509722,5,2017,
Santa Elena,95,616,-2.2267,-80.8583,5,2017,
Sto. Domingo Tsáchilas,177,823,-0.254167,-79.171944,5,2017,
Sucumbíos,55,252,0.084722,-76.882778,5,2017,
Tungurahua,223,1130,-1.241667,-78.619722,5,2017,
Zamora Chinchipe,19,90,-4.12,-78.8,5,2017,
Azuay,311,1940,-2.897414,-79.004481,6,2017,
Bolívar,72,407,-1.605556,-79.003056,6,2017,
Carchi,48,334,0.81218,-77.71633,6,2017,
Cañar,78,545,-2.733333,-78.833333,6,2017,
Chimborazo,187,1229,-1.674347,-78.64829399999999,6,2017,
Cotopaxi,133,943,-0.933333,-78.616667,6,2017,
El Oro,235,1455,-3.266667,-79.966667,6,2017,
Esmeraldas,135,744,1.05,-79.2,6,2017,
Galápagos,3,25,-0.799999999999999,-89.4,6,2017,
Guayas,1773,10812,-2.183333,-79.883333,6,2017,
Imbabura,161,1042,0.362678,-78.130667,6,2017,
Loja,180,1171,-3.983333,-79.2,6,2017,
Los Ríos,262,1746,-1.8,-79.533333,6,2017,
Manabí,437,3120,-1.056181,-80.455217,6,2017,
Morona Santiago,54,237,-2.3,-78.116667,6,2017,
Napo,17,179,-0.989,-77.8159,6,2017,
Orellana,17,181,-0.466667,-76.966667,6,2017,
Otro,0,2,0.0,0.0,6,2017,
Pastaza,15,139,-1.066667,-78.001111,6,2017,
Pichincha,982,6284,-0.218611,-78.509722,6,2017,
Santa Elena,110,726,-2.2267,-80.8583,6,2017,
Sto. Domingo Tsáchilas,170,993,-0.254167,-79.171944,6,2017,
Sucumbíos,51,303,0.084722,-76.882778,6,2017,
Tungurahua,253,1383,-1.241667,-78.619722,6,2017,
Zamora Chinchipe,25,115,-4.12,-78.8,6,2017,
Azuay,362,2302,-2.897414,-79.004481,7,2017,
Bolívar,67,474,-1.605556,-79.003056,7,2017,
Carchi,49,383,0.81218,-77.71633,7,2017,
Cañar,80,625,-2.733333,-78.833333,7,2017,
Chimborazo,197,1426,-1.674347,-78.64829399999999,7,2017,
Cotopaxi,141,1084,-0.933333,-78.616667,7,2017,
El Oro,247,1702,-3.266667,-79.966667,7,2017,
Esmeraldas,119,863,1.05,-79.2,7,2017,
Galápagos,6,31,-0.799999999999999,-89.4,7,2017,
Guayas,1699,12511,-2.183333,-79.883333,7,2017,
Imbabura,183,1225,0.362678,-78.130667,7,2017,
Loja,193,1364,-3.983333,-79.2,7,2017,
Los Ríos,291,2037,-1.8,-79.533333,7,2017,
Manabí,494,3614,-1.056181,-80.455217,7,2017,
Morona Santiago,46,283,-2.3,-78.116667,7,2017,
Napo,32,211,-0.989,-77.8159,7,2017,
Orellana,30,211,-0.466667,-76.966667,7,2017,
Otro,0,2,0.0,0.0,7,2017,
Pastaza,27,166,-1.066667,-78.001111,7,2017,
Pichincha,1065,7349,-0.218611,-78.509722,7,2017,
Santa Elena,105,831,-2.2267,-80.8583,7,2017,
Sto. Domingo Tsáchilas,155,1148,-0.254167,-79.171944,7,2017,
Sucumbíos,40,343,0.084722,-76.882778,7,2017,
Tungurahua,222,1605,-1.241667,-78.619722,7,2017,
Zamora Chinchipe,22,137,-4.12,-78.8,7,2017,
Azuay,296,2598,-2.897414,-79.004481,8,2017,
Bolívar,75,549,-1.605556,-79.003056,8,2017,
Carchi,66,449,0.81218,-77.71633,8,2017,
Cañar,97,722,-2.733333,-78.833333,8,2017,
Chimborazo,182,1608,-1.674347,-78.64829399999999,8,2017,
Cotopaxi,93,1177,-0.933333,-78.616667,8,2017,
El Oro,261,1963,-3.266667,-79.966667,8,2017,
Esmeraldas,105,968,1.05,-79.2,8,2017,
Galápagos,5,36,-0.799999999999999,-89.4,8,2017,
Guayas,1650,14161,-2.183333,-79.883333,8,2017,
Imbabura,174,1399,0.362678,-78.130667,8,2017,
Loja,186,1550,-3.983333,-79.2,8,2017,
Los Ríos,320,2357,-1.8,-79.533333,8,2017,
Manabí,538,4152,-1.056181,-80.455217,8,2017,
Morona Santiago,41,324,-2.3,-78.116667,8,2017,
Napo,26,237,-0.989,-77.8159,8,2017,
Orellana,34,245,-0.466667,-76.966667,8,2017,
Otro,0,2,0.0,0.0,8,2017,
Pastaza,27,193,-1.066667,-78.001111,8,2017,
Pichincha,985,8334,-0.218611,-78.509722,8,2017,
Santa Elena,81,912,-2.2267,-80.8583,8,2017,
Sto. Domingo Tsáchilas,159,1307,-0.254167,-79.171944,8,2017,
Sucumbíos,49,392,0.084722,-76.882778,8,2017,
Tungurahua,196,1801,-1.241667,-78.619722,8,2017,
Zamora Chinchipe,24,161,-4.12,-78.8,8,2017,
Azuay,297,2895,-2.897414,-79.004481,9,2017,
Bolívar,48,597,-1.605556,-79.003056,9,2017,
Carchi,43,492,0.81218,-77.71633,9,2017,
Cañar,88,810,-2.733333,-78.833333,9,2017,
Chimborazo,209,1817,-1.674347,-78.64829399999999,9,2017,
Cotopaxi,71,1248,-0.933333,-78.616667,9,2017,
El Oro,201,2164,-3.266667,-79.966667,9,2017,
Esmeraldas,154,1122,1.05,-79.2,9,2017,
Galápagos,3,39,-0.799999999999999,-89.4,9,2017,
Guayas,1523,15684,-2.183333,-79.883333,9,2017,
Imbabura,144,1543,0.362678,-78.130667,9,2017,
Loja,172,1722,-3.983333,-79.2,9,2017,
Los Ríos,274,2631,-1.8,-79.533333,9,2017,
Manabí,458,4610,-1.056181,-80.455217,9,2017,
Morona Santiago,41,365,-2.3,-78.116667,9,2017,
Napo,28,265,-0.989,-77.8159,9,2017,
Orellana,26,271,-0.466667,-76.966667,9,2017,
Otro,0,2,0.0,0.0,9,2017,
Pastaza,19,212,-1.066667,-78.001111,9,2017,
Pichincha,978,9312,-0.218611,-78.509722,9,2017,
Santa Elena,97,1009,-2.2267,-80.8583,9,2017,
Sto. Domingo Tsáchilas,170,1477,-0.254167,-79.171944,9,2017,
Sucumbíos,37,429,0.084722,-76.882778,9,2017,
Tungurahua,190,1991,-1.241667,-78.619722,9,2017,
Zamora Chinchipe,22,183,-4.12,-78.8,9,2017,
Azuay,315,3210,-2.897414,-79.004481,10,2017,
Bolívar,83,680,-1.605556,-79.003056,10,2017,
Carchi,57,549,0.81218,-77.71633,10,2017,
Cañar,91,901,-2.733333,-78.833333,10,2017,
Chimborazo,222,2039,-1.674347,-78.64829399999999,10,2017,
Cotopaxi,59,1307,-0.933333,-78.616667,10,2017,
El Oro,239,2403,-3.266667,-79.966667,10,2017,
Esmeraldas,104,1226,1.05,-79.2,10,2017,
Galápagos,2,41,-0.799999999999999,-89.4,10,2017,
Guayas,1648,17332,-2.183333,-79.883333,10,2017,
Imbabura,150,1693,0.362678,-78.130667,10,2017,
Loja,202,1924,-3.983333,-79.2,10,2017,
Los Ríos,306,2937,-1.8,-79.533333,10,2017,
Manabí,478,5088,-1.056181,-80.455217,10,2017,
Morona Santiago,31,396,-2.3,-78.116667,10,2017,
Napo,32,297,-0.989,-77.8159,10,2017,
Orellana,35,306,-0.466667,-76.966667,10,2017,
Otro,0,2,0.0,0.0,10,2017,
Pastaza,20,232,-1.066667,-78.001111,10,2017,
Pichincha,1079,10391,-0.218611,-78.509722,10,2017,
Santa Elena,93,1102,-2.2267,-80.8583,10,2017,
Sto. Domingo Tsáchilas,160,1637,-0.254167,-79.171944,10,2017,
Sucumbíos,55,484,0.084722,-76.882778,10,2017,
Tungurahua,174,2165,-1.241667,-78.619722,10,2017,
Zamora Chinchipe,24,207,-4.12,-78.8,10,2017,
Azuay,321,3531,-2.897414,-79.004481,11,2017,
Bolívar,56,736,-1.605556,-79.003056,11,2017,
Carchi,35,584,0.81218,-77.71633,11,2017,
Cañar,71,972,-2.733333,-78.833333,11,2017,
Chimborazo,180,2219,-1.674347,-78.64829399999999,11,2017,
Cotopaxi,59,1366,-0.933333,-78.616667,11,2017,
El Oro,236,2639,-3.266667,-79.966667,11,2017,
Esmeraldas,127,1353,1.05,-79.2,11,2017,
Galápagos,0,41,-0.799999999999999,-89.4,11,2017,
Guayas,1678,19010,-2.183333,-79.883333,11,2017,
Imbabura,149,1842,0.362678,-78.130667,11,2017,
Loja,183,2107,-3.983333,-79.2,11,2017,
Los Ríos,267,3204,-1.8,-79.533333,11,2017,
Manabí,534,5622,-1.056181,-80.455217,11,2017,
Morona Santiago,28,424,-2.3,-78.116667,11,2017,
Napo,23,320,-0.989,-77.8159,11,2017,
Orellana,27,333,-0.466667,-76.966667,11,2017,
Otro,0,2,0.0,0.0,11,2017,
Pastaza,23,255,-1.066667,-78.001111,11,2017,
Pichincha,1005,11396,-0.218611,-78.509722,11,2017,
Santa Elena,92,1194,-2.2267,-80.8583,11,2017,
Sto. Domingo Tsáchilas,160,1797,-0.254167,-79.171944,11,2017,
Sucumbíos,54,538,0.084722,-76.882778,11,2017,
Tungurahua,152,2317,-1.241667,-78.619722,11,2017,
Zamora Chinchipe,20,227,-4.12,-78.8,11,2017,
Azuay,289,3820,-2.897414,-79.004481,12,2017,
Bolívar,48,784,-1.605556,-79.003056,12,2017,
Carchi,56,640,0.81218,-77.71633,12,2017,
Cañar,66,1038,-2.733333,-78.833333,12,2017,
Chimborazo,179,2398,-1.674347,-78.64829399999999,12,2017,
Cotopaxi,49,1415,-0.933333,-78.616667,12,2017,
El Oro,217,2856,-3.266667,-79.966667,12,2017,
Esmeraldas,103,1456,1.05,-79.2,12,2017,
Galápagos,1,42,-0.799999999999999,-89.4,12,2017,
Guayas,1489,20499,-2.183333,-79.883333,12,2017,
Imbabura,157,1999,0.362678,-78.130667,12,2017,
Loja,153,2260,-3.983333,-79.2,12,2017,
Los Ríos,256,3460,-1.8,-79.533333,12,2017,
Manabí,463,6085,-1.056181,-80.455217,12,2017,
Morona Santiago,26,450,-2.3,-78.116667,12,2017,
Napo,29,349,-0.989,-77.8159,12,2017,
Orellana,30,363,-0.466667,-76.966667,12,2017,
Otro,0,2,0.0,0.0,12,2017,
Pastaza,22,277,-1.066667,-78.001111,12,2017,
Pichincha,1100,12496,-0.218611,-78.509722,12,2017,
Santa Elena,82,1276,-2.2267,-80.8583,12,2017,
Sto. Domingo Tsáchilas,156,1953,-0.254167,-79.171944,12,2017,
Sucumbíos,45,583,0.084722,-76.882778,12,2017,
Tungurahua,184,2501,-1.241667,-78.619722,12,2017,
Zamora Chinchipe,18,245,-4.12,-78.8,12,2017,
Azuay,360,360,-2.897414,-79.004481,1,2018,
Bolívar,91,91,-1.605556,-79.003056,1,2018,
Carchi,56,56,0.81218,-77.71633,1,2018,
Cañar,93,93,-2.733333,-78.833333,1,2018,
Chimborazo,225,225,-1.674347,-78.64829399999999,1,2018,
Cotopaxi,188,188,-0.933333,-78.616667,1,2018,
El Oro,277,277,-3.266667,-79.966667,1,2018,
Esmeraldas,160,160,1.05,-79.2,1,2018,
Galápagos,3,3,-0.799999999999999,-89.4,1,2018,
Guayas,1824,1824,-2.183333,-79.883333,1,2018,
Imbabura,162,162,0.362678,-78.130667,1,2018,
Loja,239,239,-3.983333,-79.2,1,2018,
Los Ríos,312,312,-1.8,-79.533333,1,2018,
Manabí,533,533,-1.056181,-80.455217,1,2018,
Morona Santiago,56,56,-2.3,-78.116667,1,2018,
Napo,34,34,-0.989,-77.8159,1,2018,
Orellana,40,40,-0.466667,-76.966667,1,2018,
Otro,0,0,0.0,0.0,1,2018,
Pastaza,30,30,-1.066667,-78.001111,1,2018,
Pichincha,1343,1343,-0.218611,-78.509722,1,2018,
Santa Elena,105,105,-2.2267,-80.8583,1,2018,
Sto. Domingo Tsáchilas,192,192,-0.254167,-79.171944,1,2018,
Sucumbíos,52,52,0.084722,-76.882778,1,2018,
Tungurahua,284,284,-1.241667,-78.619722,1,2018,
Zamora Chinchipe,21,21,-4.12,-78.8,1,2018,
Azuay,323,683,-2.897414,-79.004481,2,2018,
Bolívar,75,166,-1.605556,-79.003056,2,2018,
Carchi,62,118,0.81218,-77.71633,2,2018,
Cañar,80,173,-2.733333,-78.833333,2,2018,
Chimborazo,213,438,-1.674347,-78.64829399999999,2,2018,
Cotopaxi,152,340,-0.933333,-78.616667,2,2018,
El Oro,242,519,-3.266667,-79.966667,2,2018,
Esmeraldas,141,301,1.05,-79.2,2,2018,
Galápagos,3,6,-0.799999999999999,-89.4,2,2018,
Guayas,1545,3369,-2.183333,-79.883333,2,2018,
Imbabura,135,297,0.362678,-78.130667,2,2018,
Loja,223,462,-3.983333,-79.2,2,2018,
Los Ríos,306,618,-1.8,-79.533333,2,2018,
Manabí,504,1037,-1.056181,-80.455217,2,2018,
Morona Santiago,51,107,-2.3,-78.116667,2,2018,
Napo,21,55,-0.989,-77.8159,2,2018,
Orellana,31,71,-0.466667,-76.966667,2,2018,
Otro,0,0,0.0,0.0,2,2018,
Pastaza,22,52,-1.066667,-78.001111,2,2018,
Pichincha,1017,2360,-0.218611,-78.509722,2,2018,
Santa Elena,105,210,-2.2267,-80.8583,2,2018,
Sto. Domingo Tsáchilas,173,365,-0.254167,-79.171944,2,2018,
Sucumbíos,48,100,0.084722,-76.882778,2,2018,
Tungurahua,246,530,-1.241667,-78.619722,2,2018,
Zamora Chinchipe,17,38,-4.12,-78.8,2,2018,
Azuay,347,1030,-2.897414,-79.004481,3,2018,
Bolívar,76,242,-1.605556,-79.003056,3,2018,
Carchi,57,175,0.81218,-77.71633,3,2018,
Cañar,88,261,-2.733333,-78.833333,3,2018,
Chimborazo,186,624,-1.674347,-78.64829399999999,3,2018,
Cotopaxi,137,477,-0.933333,-78.616667,3,2018,
El Oro,247,766,-3.266667,-79.966667,3,2018,
Esmeraldas,122,423,1.05,-79.2,3,2018,
Galápagos,3,9,-0.799999999999999,-89.4,3,2018,
Guayas,1787,5156,-2.183333,-79.883333,3,2018,
Imbabura,178,475,0.362678,-78.130667,3,2018,
Loja,196,658,-3.983333,-79.2,3,2018,
Los Ríos,336,954,-1.8,-79.533333,3,2018,
Manabí,563,1600,-1.056181,-80.455217,3,2018,
Morona Santiago,35,142,-2.3,-78.116667,3,2018,
Napo,29,84,-0.989,-77.8159,3,2018,
Orellana,36,107,-0.466667,-76.966667,3,2018,
Otro,0,0,0.0,0.0,3,2018,
Pastaza,25,77,-1.066667,-78.001111,3,2018,
Pichincha,1018,3378,-0.218611,-78.509722,3,2018,
Santa Elena,119,329,-2.2267,-80.8583,3,2018,
Sto. Domingo Tsáchilas,169,534,-0.254167,-79.171944,3,2018,
Sucumbíos,46,146,0.084722,-76.882778,3,2018,
Tungurahua,220,750,-1.241667,-78.619722,3,2018,
Zamora Chinchipe,17,55,-4.12,-78.8,3,2018,
Azuay,343,1373,-2.897414,-79.004481,4,2018,
Bolívar,73,315,-1.605556,-79.003056,4,2018,
Carchi,49,224,0.81218,-77.71633,4,2018,
Cañar,75,336,-2.733333,-78.833333,4,2018,
Chimborazo,205,829,-1.674347,-78.64829399999999,4,2018,
Cotopaxi,150,627,-0.933333,-78.616667,4,2018,
El Oro,221,987,-3.266667,-79.966667,4,2018,
Esmeraldas,128,551,1.05,-79.2,4,2018,
Galápagos,4,13,-0.799999999999999,-89.4,4,2018,
Guayas,1700,6856,-2.183333,-79.883333,4,2018,
Imbabura,170,645,0.362678,-78.130667,4,2018,
Loja,199,857,-3.983333,-79.2,4,2018,
Los Ríos,291,1245,-1.8,-79.533333,4,2018,
Manabí,492,2092,-1.056181,-80.455217,4,2018,
Morona Santiago,41,183,-2.3,-78.116667,4,2018,
Napo,22,106,-0.989,-77.8159,4,2018,
Orellana,35,142,-0.466667,-76.966667,4,2018,
Otro,0,0,0.0,0.0,4,2018,
Pastaza,29,106,-1.066667,-78.001111,4,2018,
Pichincha,1023,4401,-0.218611,-78.509722,4,2018,
Santa Elena,99,428,-2.2267,-80.8583,4,2018,
Sto. Domingo Tsáchilas,167,701,-0.254167,-79.171944,4,2018,
Sucumbíos,49,195,0.084722,-76.882778,4,2018,
Tungurahua,175,925,-1.241667,-78.619722,4,2018,
Zamora Chinchipe,22,77,-4.12,-78.8,4,2018,
Azuay,327,1700,-2.897414,-79.004481,5,2018,
Bolívar,65,380,-1.605556,-79.003056,5,2018,
Carchi,58,282,0.81218,-77.71633,5,2018,
Cañar,78,414,-2.733333,-78.833333,5,2018,
Chimborazo,177,1006,-1.674347,-78.64829399999999,5,2018,
Cotopaxi,149,776,-0.933333,-78.616667,5,2018,
El Oro,241,1228,-3.266667,-79.966667,5,2018,
Esmeraldas,109,660,1.05,-79.2,5,2018,
Galápagos,6,19,-0.799999999999999,-89.4,5,2018,
Guayas,1653,8509,-2.183333,-79.883333,5,2018,
Imbabura,169,814,0.362678,-78.130667,5,2018,
Loja,204,1061,-3.983333,-79.2,5,2018,
Los Ríos,287,1532,-1.8,-79.533333,5,2018,
Manabí,496,2588,-1.056181,-80.455217,5,2018,
Morona Santiago,35,218,-2.3,-78.116667,5,2018,
Napo,31,137,-0.989,-77.8159,5,2018,
Orellana,38,180,-0.466667,-76.966667,5,2018,
Otro,0,0,0.0,0.0,5,2018,
Pastaza,17,123,-1.066667,-78.001111,5,2018,
Pichincha,1143,5544,-0.218611,-78.509722,5,2018,
Santa Elena,98,526,-2.2267,-80.8583,5,2018,
Sto. Domingo Tsáchilas,184,885,-0.254167,-79.171944,5,2018,
Sucumbíos,52,247,0.084722,-76.882778,5,2018,
Tungurahua,221,1146,-1.241667,-78.619722,5,2018,
Zamora Chinchipe,28,105,-4.12,-78.8,5,2018,
Azuay,323,2023,-2.897414,-79.004481,6,2018,
Bolívar,82,462,-1.605556,-79.003056,6,2018,
Carchi,55,337,0.81218,-77.71633,6,2018,
Cañar,87,501,-2.733333,-78.833333,6,2018,
Chimborazo,166,1172,-1.674347,-78.64829399999999,6,2018,
Cotopaxi,173,949,-0.933333,-78.616667,6,2018,
El Oro,205,1433,-3.266667,-79.966667,6,2018,
Esmeraldas,123,783,1.05,-79.2,6,2018,
Galápagos,4,23,-0.799999999999999,-89.4,6,2018,
Guayas,1597,10106,-2.183333,-79.883333,6,2018,
Imbabura,172,986,0.362678,-78.130667,6,2018,
Loja,173,1234,-3.983333,-79.2,6,2018,
Los Ríos,302,1834,-1.8,-79.533333,6,2018,
Manabí,507,3095,-1.056181,-80.455217,6,2018,
Morona Santiago,31,249,-2.3,-78.116667,6,2018,
Napo,25,162,-0.989,-77.8159,6,2018,
Orellana,33,213,-0.466667,-76.966667,6,2018,
Otro,1,1,0.0,0.0,6,2018,
Pastaza,28,151,-1.066667,-78.001111,6,2018,
Pichincha,1049,6593,-0.218611,-78.509722,6,2018,
Santa Elena,130,656,-2.2267,-80.8583,6,2018,
Sto. Domingo Tsáchilas,167,1052,-0.254167,-79.171944,6,2018,
Sucumbíos,43,290,0.084722,-76.882778,6,2018,
Tungurahua,255,1401,-1.241667,-78.619722,6,2018,
Zamora Chinchipe,17,122,-4.12,-78.8,6,2018,
Azuay,337,2360,-2.897414,-79.004481,7,2018,
Bolívar,71,533,-1.605556,-79.003056,7,2018,
Carchi,49,386,0.81218,-77.71633,7,2018,
Cañar,92,593,-2.733333,-78.833333,7,2018,
Chimborazo,222,1394,-1.674347,-78.64829399999999,7,2018,
Cotopaxi,161,1110,-0.933333,-78.616667,7,2018,
El Oro,251,1684,-3.266667,-79.966667,7,2018,
Esmeraldas,131,914,1.05,-79.2,7,2018,
Galápagos,3,26,-0.799999999999999,-89.4,7,2018,
Guayas,1638,11744,-2.183333,-79.883333,7,2018,
Imbabura,146,1132,0.362678,-78.130667,7,2018,
Loja,199,1433,-3.983333,-79.2,7,2018,
Los Ríos,319,2153,-1.8,-79.533333,7,2018,
Manabí,531,3626,-1.056181,-80.455217,7,2018,
Morona Santiago,37,286,-2.3,-78.116667,7,2018,
Napo,37,199,-0.989,-77.8159,7,2018,
Orellana,30,243,-0.466667,-76.966667,7,2018,
Otro,0,1,0.0,0.0,7,2018,
Pastaza,21,172,-1.066667,-78.001111,7,2018,
Pichincha,1059,7652,-0.218611,-78.509722,7,2018,
Santa Elena,127,783,-2.2267,-80.8583,7,2018,
Sto. Domingo Tsáchilas,180,1232,-0.254167,-79.171944,7,2018,
Sucumbíos,50,340,0.084722,-76.882778,7,2018,
Tungurahua,242,1643,-1.241667,-78.619722,7,2018,
Zamora Chinchipe,22,144,-4.12,-78.8,7,2018,
Azuay,365,2725,-2.897414,-79.004481,8,2018,
Bolívar,60,593,-1.605556,-79.003056,8,2018,
Carchi,70,456,0.81218,-77.71633,8,2018,
Cañar,102,695,-2.733333,-78.833333,8,2018,
Chimborazo,181,1575,-1.674347,-78.64829399999999,8,2018,
Cotopaxi,134,1244,-0.933333,-78.616667,8,2018,
El Oro,234,1918,-3.266667,-79.966667,8,2018,
Esmeraldas,128,1042,1.05,-79.2,8,2018,
Galápagos,6,32,-0.799999999999999,-89.4,8,2018,
Guayas,1689,13433,-2.183333,-79.883333,8,2018,
Imbabura,171,1303,0.362678,-78.130667,8,2018,
Loja,188,1621,-3.983333,-79.2,8,2018,
Los Ríos,326,2479,-1.8,-79.533333,8,2018,
Manabí,542,4168,-1.056181,-80.455217,8,2018,
Morona Santiago,37,323,-2.3,-78.116667,8,2018,
Napo,32,231,-0.989,-77.8159,8,2018,
Orellana,31,274,-0.466667,-76.966667,8,2018,
Otro,0,1,0.0,0.0,8,2018,
Pastaza,37,209,-1.066667,-78.001111,8,2018,
Pichincha,1110,8762,-0.218611,-78.509722,8,2018,
Santa Elena,123,906,-2.2267,-80.8583,8,2018,
Sto. Domingo Tsáchilas,176,1408,-0.254167,-79.171944,8,2018,
Sucumbíos,56,396,0.084722,-76.882778,8,2018,
Tungurahua,236,1879,-1.241667,-78.619722,8,2018,
Zamora Chinchipe,33,177,-4.12,-78.8,8,2018,
Azuay,352,3077,-2.897414,-79.004481,9,2018,
Bolívar,60,653,-1.605556,-79.003056,9,2018,
Carchi,62,518,0.81218,-77.71633,9,2018,
Cañar,110,805,-2.733333,-78.833333,9,2018,
Chimborazo,220,1795,-1.674347,-78.64829399999999,9,2018,
Cotopaxi,156,1400,-0.933333,-78.616667,9,2018,
El Oro,249,2167,-3.266667,-79.966667,9,2018,
Esmeraldas,113,1155,1.05,-79.2,9,2018,
Galápagos,1,33,-0.799999999999999,-89.4,9,2018,
Guayas,1588,15021,-2.183333,-79.883333,9,2018,
Imbabura,150,1453,0.362678,-78.130667,9,2018,
Loja,180,1801,-3.983333,-79.2,9,2018,
Los Ríos,283,2762,-1.8,-79.533333,9,2018,
Manabí,535,4703,-1.056181,-80.455217,9,2018,
Morona Santiago,43,366,-2.3,-78.116667,9,2018,
Napo,38,269,-0.989,-77.8159,9,2018,
Orellana,33,307,-0.466667,-76.966667,9,2018,
Otro,0,1,0.0,0.0,9,2018,
Pastaza,17,226,-1.066667,-78.001111,9,2018,
Pichincha,1007,9769,-0.218611,-78.509722,9,2018,
Santa Elena,94,1000,-2.2267,-80.8583,9,2018,
Sto. Domingo Tsáchilas,177,1585,-0.254167,-79.171944,9,2018,
Sucumbíos,57,453,0.084722,-76.882778,9,2018,
Tungurahua,252,2131,-1.241667,-78.619722,9,2018,
Zamora Chinchipe,16,193,-4.12,-78.8,9,2018,
Azuay,342,3419,-2.897414,-79.004481,10,2018,
Bolívar,59,712,-1.605556,-79.003056,10,2018,
Carchi,55,573,0.81218,-77.71633,10,2018,
Cañar,102,907,-2.733333,-78.833333,10,2018,
Chimborazo,199,1994,-1.674347,-78.64829399999999,10,2018,
Cotopaxi,150,1550,-0.933333,-78.616667,10,2018,
El Oro,277,2444,-3.266667,-79.966667,10,2018,
Esmeraldas,134,1289,1.05,-79.2,10,2018,
Galápagos,4,37,-0.799999999999999,-89.4,10,2018,
Guayas,1640,16661,-2.183333,-79.883333,10,2018,
Imbabura,168,1621,0.362678,-78.130667,10,2018,
Loja,209,2010,-3.983333,-79.2,10,2018,
Los Ríos,291,3053,-1.8,-79.533333,10,2018,
Manabí,519,5222,-1.056181,-80.455217,10,2018,
Morona Santiago,39,405,-2.3,-78.116667,10,2018,
Napo,30,299,-0.989,-77.8159,10,2018,
Orellana,35,342,-0.466667,-76.966667,10,2018,
Otro,1,2,0.0,0.0,10,2018,
Pastaza,21,247,-1.066667,-78.001111,10,2018,
Pichincha,1061,10830,-0.218611,-78.509722,10,2018,
Santa Elena,109,1109,-2.2267,-80.8583,10,2018,
Sto. Domingo Tsáchilas,184,1769,-0.254167,-79.171944,10,2018,
Sucumbíos,52,505,0.084722,-76.882778,10,2018,
Tungurahua,208,2339,-1.241667,-78.619722,10,2018,
Zamora Chinchipe,14,207,-4.12,-78.8,10,2018,
Azuay,287,3706,-2.897414,-79.004481,11,2018,
Bolívar,59,771,-1.605556,-79.003056,11,2018,
Carchi,55,628,0.81218,-77.71633,11,2018,
Cañar,79,986,-2.733333,-78.833333,11,2018,
Chimborazo,176,2170,-1.674347,-78.64829399999999,11,2018,
Cotopaxi,135,1685,-0.933333,-78.616667,11,2018,
El Oro,226,2670,-3.266667,-79.966667,11,2018,
Esmeraldas,131,1420,1.05,-79.2,11,2018,
Galápagos,9,46,-0.799999999999999,-89.4,11,2018,
Guayas,1626,18287,-2.183333,-79.883333,11,2018,
Imbabura,177,1798,0.362678,-78.130667,11,2018,
Loja,184,2194,-3.983333,-79.2,11,2018,
Los Ríos,281,3334,-1.8,-79.533333,11,2018,
Manabí,529,5751,-1.056181,-80.455217,11,2018,
Morona Santiago,52,457,-2.3,-78.116667,11,2018,
Napo,38,337,-0.989,-77.8159,11,2018,
Orellana,28,370,-0.466667,-76.966667,11,2018,
Otro,0,2,0.0,0.0,11,2018,
Pastaza,37,284,-1.066667,-78.001111,11,2018,
Pichincha,1072,11902,-0.218611,-78.509722,11,2018,
Santa Elena,113,1222,-2.2267,-80.8583,11,2018,
Sto. Domingo Tsáchilas,159,1928,-0.254167,-79.171944,11,2018,
Sucumbíos,52,557,0.084722,-76.882778,11,2018,
Tungurahua,219,2558,-1.241667,-78.619722,11,2018,
Zamora Chinchipe,14,221,-4.12,-78.8,11,2018,
Azuay,287,3993,-2.897414,-79.004481,12,2018,
Bolívar,57,828,-1.605556,-79.003056,12,2018,
Carchi,66,694,0.81218,-77.71633,12,2018,
Cañar,88,1074,-2.733333,-78.833333,12,2018,
Chimborazo,165,2335,-1.674347,-78.64829399999999,12,2018,
Cotopaxi,136,1821,-0.933333,-78.616667,12,2018,
El Oro,233,2903,-3.266667,-79.966667,12,2018,
Esmeraldas,97,1517,1.05,-79.2,12,2018,
Galápagos,6,52,-0.799999999999999,-89.4,12,2018,
Guayas,1670,19957,-2.183333,-79.883333,12,2018,
Imbabura,129,1927,0.362678,-78.130667,12,2018,
Loja,180,2374,-3.983333,-79.2,12,2018,
Los Ríos,266,3600,-1.8,-79.533333,12,2018,
Manabí,501,6252,-1.056181,-80.455217,12,2018,
Morona Santiago,37,494,-2.3,-78.116667,12,2018,
Napo,22,359,-0.989,-77.8159,12,2018,
Orellana,32,402,-0.466667,-76.966667,12,2018,
Otro,0,2,0.0,0.0,12,2018,
Pastaza,38,322,-1.066667,-78.001111,12,2018,
Pichincha,1171,13073,-0.218611,-78.509722,12,2018,
Santa Elena,95,1317,-2.2267,-80.8583,12,2018,
Sto. Domingo Tsáchilas,156,2084,-0.254167,-79.171944,12,2018,
Sucumbíos,44,601,0.084722,-76.882778,12,2018,
Tungurahua,228,2786,-1.241667,-78.619722,12,2018,
Zamora Chinchipe,19,240,-4.12,-78.8,12,2018,
Azuay,361,361,-2.897414,-79.004481,1,2019,
Bolívar,73,73,-1.605556,-79.003056,1,2019,
Carchi,62,62,0.81218,-77.71633,1,2019,
Cañar,94,94,-2.733333,-78.833333,1,2019,
Chimborazo,200,200,-1.674347,-78.64829399999999,1,2019,
Cotopaxi,164,164,-0.933333,-78.616667,1,2019,
El Oro,265,265,-3.266667,-79.966667,1,2019,
Esmeraldas,157,157,1.05,-79.2,1,2019,
Galápagos,5,5,-0.799999999999999,-89.4,1,2019,
Guayas,1979,1979,-2.183333,-79.883333,1,2019,
Imbabura,203,203,0.362678,-78.130667,1,2019,
Loja,201,201,-3.983333,-79.2,1,2019,
Los Ríos,317,317,-1.8,-79.533333,1,2019,
Manabí,608,608,-1.056181,-80.455217,1,2019,
Morona Santiago,41,41,-2.3,-78.116667,1,2019,
Napo,33,33,-0.989,-77.8159,1,2019,
Orellana,29,29,-0.466667,-76.966667,1,2019,
Pastaza,20,20,-1.066667,-78.001111,1,2019,
Pichincha,1230,1230,-0.218611,-78.509722,1,2019,
Santa Elena,119,119,-2.2267,-80.8583,1,2019,
Sto. Domingo Tsáchilas,225,225,-0.254167,-79.171944,1,2019,
Sucumbíos,56,56,0.084722,-76.882778,1,2019,
Tungurahua,239,239,-1.241667,-78.619722,1,2019,
Zamora Chinchipe,25,25,-4.12,-78.8,1,2019,
Azuay,301,662,-2.897414,-79.004481,2,2019,
Bolívar,75,148,-1.605556,-79.003056,2,2019,
Carchi,58,120,0.81218,-77.71633,2,2019,
Cañar,96,190,-2.733333,-78.833333,2,2019,
Chimborazo,193,393,-1.674347,-78.64829399999999,2,2019,
Cotopaxi,128,292,-0.933333,-78.616667,2,2019,
El Oro,250,515,-3.266667,-79.966667,2,2019,
Esmeraldas,132,289,1.05,-79.2,2,2019,
Galápagos,7,12,-0.799999999999999,-89.4,2,2019,
Guayas,1793,3772,-2.183333,-79.883333,2,2019,
Imbabura,158,361,0.362678,-78.130667,2,2019,
Loja,215,416,-3.983333,-79.2,2,2019,
Los Ríos,300,617,-1.8,-79.533333,2,2019,
Manabí,553,1161,-1.056181,-80.455217,2,2019,
Morona Santiago,30,71,-2.3,-78.116667,2,2019,
Napo,26,59,-0.989,-77.8159,2,2019,
Orellana,38,67,-0.466667,-76.966667,2,2019,
Pastaza,29,49,-1.066667,-78.001111,2,2019,
Pichincha,1009,2239,-0.218611,-78.509722,2,2019,
Santa Elena,108,227,-2.2267,-80.8583,2,2019,
Sto. Domingo Tsáchilas,153,378,-0.254167,-79.171944,2,2019,
Sucumbíos,58,114,0.084722,-76.882778,2,2019,
Tungurahua,199,438,-1.241667,-78.619722,2,2019,
Zamora Chinchipe,21,46,-4.12,-78.8,2,2019,
Azuay,311,973,-2.897414,-79.004481,3,2019,
Bolívar,81,229,-1.605556,-79.003056,3,2019,
Carchi,59,179,0.81218,-77.71633,3,2019,
Cañar,94,284,-2.733333,-78.833333,3,2019,
Chimborazo,228,621,-1.674347,-78.64829399999999,3,2019,
Cotopaxi,171,463,-0.933333,-78.616667,3,2019,
El Oro,291,806,-3.266667,-79.966667,3,2019,
Esmeraldas,167,456,1.05,-79.2,3,2019,
Galápagos,0,12,-0.799999999999999,-89.4,3,2019,
Guayas,1934,5706,-2.183333,-79.883333,3,2019,
Imbabura,152,513,0.362678,-78.130667,3,2019,
Loja,200,616,-3.983333,-79.2,3,2019,
Los Ríos,338,955,-1.8,-79.533333,3,2019,
Manabí,585,1746,-1.056181,-80.455217,3,2019,
Morona Santiago,56,127,-2.3,-78.116667,3,2019,
Napo,36,95,-0.989,-77.8159,3,2019,
Orellana,44,111,-0.466667,-76.966667,3,2019,
Pastaza,27,76,-1.066667,-78.001111,3,2019,
Pichincha,1106,3345,-0.218611,-78.509722,3,2019,
Santa Elena,114,341,-2.2267,-80.8583,3,2019,
Sto. Domingo Tsáchilas,240,618,-0.254167,-79.171944,3,2019,
Sucumbíos,45,159,0.084722,-76.882778,3,2019,
Tungurahua,268,706,-1.241667,-78.619722,3,2019,
Zamora Chinchipe,23,69,-4.12,-78.8,3,2019,
Azuay,316,1289,-2.897414,-79.004481,4,2019,
Bolívar,55,284,-1.605556,-79.003056,4,2019,
Carchi,59,238,0.81218,-77.71633,4,2019,
Cañar,74,358,-2.733333,-78.833333,4,2019,
Chimborazo,178,799,-1.674347,-78.64829399999999,4,2019,
Cotopaxi,150,613,-0.933333,-78.616667,4,2019,
El Oro,234,1040,-3.266667,-79.966667,4,2019,
Esmeraldas,154,610,1.05,-79.2,4,2019,
Galápagos,4,16,-0.799999999999999,-89.4,4,2019,
Guayas,1879,7585,-2.183333,-79.883333,4,2019,
Imbabura,158,671,0.362678,-78.130667,4,2019,
Loja,189,805,-3.983333,-79.2,4,2019,
Los Ríos,331,1286,-1.8,-79.533333,4,2019,
Manabí,565,2311,-1.056181,-80.455217,4,2019,
Morona Santiago,49,176,-2.3,-78.116667,4,2019,
Napo,45,140,-0.989,-77.8159,4,2019,
Orellana,35,146,-0.466667,-76.966667,4,2019,
Pastaza,28,104,-1.066667,-78.001111,4,2019,
Pichincha,1019,4364,-0.218611,-78.509722,4,2019,
Santa Elena,110,451,-2.2267,-80.8583,4,2019,
Sto. Domingo Tsáchilas,199,817,-0.254167,-79.171944,4,2019,
Sucumbíos,67,226,0.084722,-76.882778,4,2019,
Tungurahua,243,949,-1.241667,-78.619722,4,2019,
Zamora Chinchipe,18,87,-4.12,-78.8,4,2019,
Azuay,354,1643,-2.897414,-79.004481,5,2019,
Bolívar,68,352,-1.605556,-79.003056,5,2019,
Carchi,62,300,0.81218,-77.71633,5,2019,
Cañar,84,442,-2.733333,-78.833333,5,2019,
Chimborazo,192,991,-1.674347,-78.64829399999999,5,2019,
Cotopaxi,156,769,-0.933333,-78.616667,5,2019,
El Oro,263,1303,-3.266667,-79.966667,5,2019,
Esmeraldas,125,735,1.05,-79.2,5,2019,
Galápagos,2,18,-0.799999999999999,-89.4,5,2019,
Guayas,1725,9310,-2.183333,-79.883333,5,2019,
Imbabura,192,863,0.362678,-78.130667,5,2019,
Loja,196,1001,-3.983333,-79.2,5,2019,
Los Ríos,306,1592,-1.8,-79.533333,5,2019,
Manabí,461,2772,-1.056181,-80.455217,5,2019,
Morona Santiago,43,219,-2.3,-78.116667,5,2019,
Napo,31,171,-0.989,-77.8159,5,2019,
Orellana,34,180,-0.466667,-76.966667,5,2019,
Pastaza,24,128,-1.066667,-78.001111,5,2019,
Pichincha,1077,5441,-0.218611,-78.509722,5,2019,
Santa Elena,102,553,-2.2267,-80.8583,5,2019,
Sto. Domingo Tsáchilas,182,999,-0.254167,-79.171944,5,2019,
Sucumbíos,42,268,0.084722,-76.882778,5,2019,
Tungurahua,228,1177,-1.241667,-78.619722,5,2019,
Zamora Chinchipe,11,98,-4.12,-78.8,5,2019,
Azuay,336,1979,-2.897414,-79.004481,6,2019,
Bolívar,74,426,-1.605556,-79.003056,6,2019,
Carchi,60,360,0.81218,-77.71633,6,2019,
Cañar,101,543,-2.733333,-78.833333,6,2019,
Chimborazo,189,1180,-1.674347,-78.64829399999999,6,2019,
Cotopaxi,135,904,-0.933333,-78.616667,6,2019,
El Oro,228,1531,-3.266667,-79.966667,6,2019,
Esmeraldas,141,876,1.05,-79.2,6,2019,
Galápagos,2,20,-0.799999999999999,-89.4,6,2019,
Guayas,1669,10979,-2.183333,-79.883333,6,2019,
Imbabura,162,1025,0.362678,-78.130667,6,2019,
Loja,190,1191,-3.983333,-79.2,6,2019,
Los Ríos,299,1891,-1.8,-79.533333,6,2019,
Manabí,509,3281,-1.056181,-80.455217,6,2019,
Morona Santiago,38,257,-2.3,-78.116667,6,2019,
Napo,49,220,-0.989,-77.8159,6,2019,
Orellana,31,211,-0.466667,-76.966667,6,2019,
Pastaza,18,146,-1.066667,-78.001111,6,2019,
Pichincha,1116,6557,-0.218611,-78.509722,6,2019,
Santa Elena,97,650,-2.2267,-80.8583,6,2019,
Sto. Domingo Tsáchilas,154,1153,-0.254167,-79.171944,6,2019,
Sucumbíos,53,321,0.084722,-76.882778,6,2019,
Tungurahua,215,1392,-1.241667,-78.619722,6,2019,
Zamora Chinchipe,25,123,-4.12,-78.8,6,2019,
Azuay,351,2330,-2.897414,-79.004481,7,2019,
Bolívar,68,494,-1.605556,-79.003056,7,2019,
Carchi,58,418,0.81218,-77.71633,7,2019,
Cañar,113,656,-2.733333,-78.833333,7,2019,
Chimborazo,190,1370,-1.674347,-78.64829399999999,7,2019,
Cotopaxi,190,1094,-0.933333,-78.616667,7,2019,
El Oro,229,1760,-3.266667,-79.966667,7,2019,
Esmeraldas,149,1025,1.05,-79.2,7,2019,
Galápagos,2,22,-0.799999999999999,-89.4,7,2019,
Guayas,1715,12694,-2.183333,-79.883333,7,2019,
Imbabura,159,1184,0.362678,-78.130667,7,2019,
Loja,200,1391,-3.983333,-79.2,7,2019,
Los Ríos,279,2170,-1.8,-79.533333,7,2019,
Manabí,528,3809,-1.056181,-80.455217,7,2019,
Morona Santiago,26,283,-2.3,-78.116667,7,2019,
Napo,41,261,-0.989,-77.8159,7,2019,
Orellana,39,250,-0.466667,-76.966667,7,2019,
Pastaza,33,179,-1.066667,-78.001111,7,2019,
Pichincha,1132,7689,-0.218611,-78.509722,7,2019,
Santa Elena,120,770,-2.2267,-80.8583,7,2019,
Sto. Domingo Tsáchilas,162,1315,-0.254167,-79.171944,7,2019,
Sucumbíos,48,369,0.084722,-76.882778,7,2019,
Tungurahua,230,1622,-1.241667,-78.619722,7,2019,
Zamora Chinchipe,16,139,-4.12,-78.8,7,2019,
Azuay,349,2679,-2.897414,-79.004481,8,2019,
Bolívar,66,560,-1.605556,-79.003056,8,2019,
Carchi,67,485,0.81218,-77.71633,8,2019,
Cañar,117,773,-2.733333,-78.833333,8,2019,
Chimborazo,214,1584,-1.674347,-78.64829399999999,8,2019,
Cotopaxi,170,1264,-0.933333,-78.616667,8,2019,
El Oro,257,2017,-3.266667,-79.966667,8,2019,
Esmeraldas,128,1153,1.05,-79.2,8,2019,
Galápagos,4,26,-0.799999999999999,-89.4,8,2019,
Guayas,1773,14467,-2.183333,-79.883333,8,2019,
Imbabura,191,1375,0.362678,-78.130667,8,2019,
Loja,209,1600,-3.983333,-79.2,8,2019,
Los Ríos,299,2469,-1.8,-79.533333,8,2019,
Manabí,543,4352,-1.056181,-80.455217,8,2019,
Morona Santiago,41,324,-2.3,-78.116667,8,2019,
Napo,30,291,-0.989,-77.8159,8,2019,
Orellana,40,290,-0.466667,-76.966667,8,2019,
Pastaza,20,199,-1.066667,-78.001111,8,2019,
Pichincha,1122,8811,-0.218611,-78.509722,8,2019,
Santa Elena,121,891,-2.2267,-80.8583,8,2019,
Sto. Domingo Tsáchilas,174,1489,-0.254167,-79.171944,8,2019,
Sucumbíos,45,414,0.084722,-76.882778,8,2019,
Tungurahua,245,1867,-1.241667,-78.619722,8,2019,
Zamora Chinchipe,20,159,-4.12,-78.8,8,2019,
Azuay,336,3015,-2.897414,-79.004481,9,2019,
Bolívar,76,636,-1.605556,-79.003056,9,2019,
Carchi,64,549,0.81218,-77.71633,9,2019,
Cañar,84,857,-2.733333,-78.833333,9,2019,
Chimborazo,219,1803,-1.674347,-78.64829399999999,9,2019,
Cotopaxi,175,1439,-0.933333,-78.616667,9,2019,
El Oro,284,2301,-3.266667,-79.966667,9,2019,
Esmeraldas,143,1296,1.05,-79.2,9,2019,
Galápagos,3,29,-0.799999999999999,-89.4,9,2019,
Guayas,1703,16170,-2.183333,-79.883333,9,2019,
Imbabura,169,1544,0.362678,-78.130667,9,2019,
Loja,202,1802,-3.983333,-79.2,9,2019,
Los Ríos,307,2776,-1.8,-79.533333,9,2019,
Manabí,553,4905,-1.056181,-80.455217,9,2019,
Morona Santiago,43,367,-2.3,-78.116667,9,2019,
Napo,26,317,-0.989,-77.8159,9,2019,
Orellana,29,319,-0.466667,-76.966667,9,2019,
Pastaza,25,224,-1.066667,-78.001111,9,2019,
Pichincha,1102,9913,-0.218611,-78.509722,9,2019,
Santa Elena,130,1021,-2.2267,-80.8583,9,2019,
Sto. Domingo Tsáchilas,190,1679,-0.254167,-79.171944,9,2019,
Sucumbíos,55,469,0.084722,-76.882778,9,2019,
Tungurahua,256,2123,-1.241667,-78.619722,9,2019,
Zamora Chinchipe,20,179,-4.12,-78.8,9,2019,
Azuay,306,3321,-2.897414,-79.004481,10,2019,
Bolívar,61,697,-1.605556,-79.003056,10,2019,
Carchi,66,615,0.81218,-77.71633,10,2019,
Cañar,97,954,-2.733333,-78.833333,10,2019,
Chimborazo,202,2005,-1.674347,-78.64829399999999,10,2019,
Cotopaxi,146,1585,-0.933333,-78.616667,10,2019,
El Oro,244,2545,-3.266667,-79.966667,10,2019,
Esmeraldas,152,1448,1.05,-79.2,10,2019,
Galápagos,4,33,-0.799999999999999,-89.4,10,2019,
Guayas,1704,17874,-2.183333,-79.883333,10,2019,
Imbabura,158,1702,0.362678,-78.130667,10,2019,
Loja,202,2004,-3.983333,-79.2,10,2019,
Los Ríos,295,3071,-1.8,-79.533333,10,2019,
Manabí,586,5491,-1.056181,-80.455217,10,2019,
Morona Santiago,44,411,-2.3,-78.116667,10,2019,
Napo,28,345,-0.989,-77.8159,10,2019,
Orellana,33,352,-0.466667,-76.966667,10,2019,
Pastaza,22,246,-1.066667,-78.001111,10,2019,
Pichincha,1064,10977,-0.218611,-78.509722,10,2019,
Santa Elena,76,1097,-2.2267,-80.8583,10,2019,
Sto. Domingo Tsáchilas,166,1845,-0.254167,-79.171944,10,2019,
Sucumbíos,57,526,0.084722,-76.882778,10,2019,
Tungurahua,236,2359,-1.241667,-78.619722,10,2019,
Zamora Chinchipe,27,206,-4.12,-78.8,10,2019,
Azuay,327,3648,-2.897414,-79.004481,11,2019,
Bolívar,71,768,-1.605556,-79.003056,11,2019,
Carchi,66,681,0.81218,-77.71633,11,2019,
Cañar,86,1040,-2.733333,-78.833333,11,2019,
Chimborazo,185,2190,-1.674347,-78.64829399999999,11,2019,
Cotopaxi,159,1744,-0.933333,-78.616667,11,2019,
El Oro,269,2814,-3.266667,-79.966667,11,2019,
Esmeraldas,134,1582,1.05,-79.2,11,2019,
Galápagos,7,40,-0.799999999999999,-89.4,11,2019,
Guayas,1690,19564,-2.183333,-79.883333,11,2019,
Imbabura,148,1850,0.362678,-78.130667,11,2019,
Loja,218,2222,-3.983333,-79.2,11,2019,
Los Ríos,302,3373,-1.8,-79.533333,11,2019,
Manabí,578,6069,-1.056181,-80.455217,11,2019,
Morona Santiago,40,451,-2.3,-78.116667,11,2019,
Napo,29,374,-0.989,-77.8159,11,2019,
Orellana,29,381,-0.466667,-76.966667,11,2019,
Pastaza,29,275,-1.066667,-78.001111,11,2019,
Pichincha,1085,12062,-0.218611,-78.509722,11,2019,
Santa Elena,107,1204,-2.2267,-80.8583,11,2019,
Sto. Domingo Tsáchilas,145,1990,-0.254167,-79.171944,11,2019,
Sucumbíos,52,578,0.084722,-76.882778,11,2019,
Tungurahua,223,2582,-1.241667,-78.619722,11,2019,
Zamora Chinchipe,31,237,-4.12,-78.8,11,2019,
Azuay,302,3950,-2.897414,-79.004481,12,2019,
Bolívar,58,826,-1.605556,-79.003056,12,2019,
Carchi,56,737,0.81218,-77.71633,12,2019,
Cañar,59,1099,-2.733333,-78.833333,12,2019,
Chimborazo,171,2361,-1.674347,-78.64829399999999,12,2019,
Cotopaxi,148,1892,-0.933333,-78.616667,12,2019,
El Oro,221,3035,-3.266667,-79.966667,12,2019,
Esmeraldas,121,1703,1.05,-79.2,12,2019,
Galápagos,4,44,-0.799999999999999,-89.4,12,2019,
Guayas,1711,21275,-2.183333,-79.883333,12,2019,
Imbabura,147,1997,0.362678,-78.130667,12,2019,
Loja,173,2395,-3.983333,-79.2,12,2019,
Los Ríos,249,3622,-1.8,-79.533333,12,2019,
Manabí,488,6557,-1.056181,-80.455217,12,2019,
Morona Santiago,51,502,-2.3,-78.116667,12,2019,
Napo,25,399,-0.989,-77.8159,12,2019,
Orellana,28,409,-0.466667,-76.966667,12,2019,
Pastaza,28,303,-1.066667,-78.001111,12,2019,
Pichincha,1152,13214,-0.218611,-78.509722,12,2019,
Santa Elena,92,1296,-2.2267,-80.8583,12,2019,
Sto. Domingo Tsáchilas,170,2160,-0.254167,-79.171944,12,2019,
Sucumbíos,44,622,0.084722,-76.882778,12,2019,
Tungurahua,198,2780,-1.241667,-78.619722,12,2019,
Zamora Chinchipe,16,253,-4.12,-78.8,12,2019,
Azuay,364,364,-2.897414,-79.004481,1,2020,881394.0
Bolívar,63,63,-1.605556,-79.003056,1,2020,209933.0
Carchi,57,57,0.81218,-77.71633,1,2020,186869.0
Cañar,109,109,-2.733333,-78.833333,1,2020,281396.0
Chimborazo,219,219,-1.674347,-78.64829399999999,1,2020,524004.0
Cotopaxi,138,138,-0.933333,-78.616667,1,2020,488716.0
El Oro,306,306,-3.266667,-79.966667,1,2020,715751.0
Esmeraldas,134,134,1.05,-79.2,1,2020,591083.0
Galápagos,5,5,-0.799999999999999,-89.4,1,2020,33042.0
Guayas,1975,1975,-2.183333,-79.883333,1,2020,4387434.0
Imbabura,187,187,0.362678,-78.130667,1,2020,476257.0
Loja,218,218,-3.983333,-79.2,1,2020,521154.0
Los Ríos,301,301,-1.8,-79.533333,1,2020,921763.0
Manabí,626,626,-1.056181,-80.455217,1,2020,1562079.0
Morona Santiago,49,49,-2.3,-78.116667,1,2020,196535.0
Napo,35,35,-0.989,-77.8159,1,2020,133705.0
Orellana,42,42,-0.466667,-76.966667,1,2020,161338.0
Pastaza,34,34,-1.066667,-78.001111,1,2020,114202.0
Pichincha,1212,1212,-0.218611,-78.509722,1,2020,3228233.0
Santa Elena,116,116,-2.2267,-80.8583,1,2020,401178.0
Sto. Domingo Tsáchilas,206,206,-0.254167,-79.171944,1,2020,511151.0
Sucumbíos,60,60,0.084722,-76.882778,1,2020,230503.0
Tungurahua,254,254,-1.241667,-78.619722,1,2020,590600.0
Zamora Chinchipe,26,26,-4.12,-78.8,1,2020,120416.0
Azuay,327,691,-2.897414,-79.004481,2,2020,881394.0
Bolívar,85,148,-1.605556,-79.003056,2,2020,209933.0
Carchi,57,114,0.81218,-77.71633,2,2020,186869.0
Cañar,77,186,-2.733333,-78.833333,2,2020,281396.0
Chimborazo,189,408,-1.674347,-78.64829399999999,2,2020,524004.0
Cotopaxi,158,296,-0.933333,-78.616667,2,2020,488716.0
El Oro,228,534,-3.266667,-79.966667,2,2020,715751.0
Esmeraldas,160,294,1.05,-79.2,2,2020,591083.0
Galápagos,4,9,-0.799999999999999,-89.4,2,2020,33042.0
Guayas,1733,3708,-2.183333,-79.883333,2,2020,4387434.0
Imbabura,156,343,0.362678,-78.130667,2,2020,476257.0
Loja,176,394,-3.983333,-79.2,2,2020,521154.0
Los Ríos,288,589,-1.8,-79.533333,2,2020,921763.0
Manabí,543,1169,-1.056181,-80.455217,2,2020,1562079.0
Morona Santiago,48,97,-2.3,-78.116667,2,2020,196535.0
Napo,31,66,-0.989,-77.8159,2,2020,133705.0
Orellana,30,72,-0.466667,-76.966667,2,2020,161338.0
Pastaza,34,68,-1.066667,-78.001111,2,2020,114202.0
Pichincha,1148,2360,-0.218611,-78.509722,2,2020,3228233.0
Santa Elena,117,233,-2.2267,-80.8583,2,2020,401178.0
Sto. Domingo Tsáchilas,202,408,-0.254167,-79.171944,2,2020,511151.0
Sucumbíos,52,112,0.084722,-76.882778,2,2020,230503.0
Tungurahua,236,490,-1.241667,-78.619722,2,2020,590600.0
Zamora Chinchipe,26,52,-4.12,-78.8,2,2020,120416.0
Azuay,360,1051,-2.897414,-79.004481,3,2020,881394.0
Bolívar,68,216,-1.605556,-79.003056,3,2020,209933.0
Carchi,59,173,0.81218,-77.71633,3,2020,186869.0
Cañar,104,290,-2.733333,-78.833333,3,2020,281396.0
Chimborazo,232,640,-1.674347,-78.64829399999999,3,2020,524004.0
Cotopaxi,166,462,-0.933333,-78.616667,3,2020,488716.0
El Oro,331,865,-3.266667,-79.966667,3,2020,715751.0
Esmeraldas,129,423,1.05,-79.2,3,2020,591083.0
Galápagos,3,12,-0.799999999999999,-89.4,3,2020,33042.0
Guayas,5473,9181,-2.183333,-79.883333,3,2020,4387434.0
Imbabura,147,490,0.362678,-78.130667,3,2020,476257.0
Loja,191,585,-3.983333,-79.2,3,2020,521154.0
Los Ríos,366,955,-1.8,-79.533333,3,2020,921763.0
Manabí,632,1801,-1.056181,-80.455217,3,2020,1562079.0
Morona Santiago,48,145,-2.3,-78.116667,3,2020,196535.0
Napo,15,81,-0.989,-77.8159,3,2020,133705.0
Orellana,34,106,-0.466667,-76.966667,3,2020,161338.0
Pastaza,25,93,-1.066667,-78.001111,3,2020,114202.0
Pichincha,1131,3491,-0.218611,-78.509722,3,2020,3228233.0
Santa Elena,179,412,-2.2267,-80.8583,3,2020,401178.0
Sto. Domingo Tsáchilas,191,599,-0.254167,-79.171944,3,2020,511151.0
Sucumbíos,52,164,0.084722,-76.882778,3,2020,230503.0
Tungurahua,227,717,-1.241667,-78.619722,3,2020,590600.0
Zamora Chinchipe,23,75,-4.12,-78.8,3,2020,120416.0
Azuay,365,1416,-2.897414,-79.004481,4,2020,881394.0
Bolívar,122,338,-1.605556,-79.003056,4,2020,209933.0
Carchi,57,230,0.81218,-77.71633,4,2020,186869.0
Cañar,182,472,-2.733333,-78.833333,4,2020,281396.0
Chimborazo,374,1014,-1.674347,-78.64829399999999,4,2020,524004.0
Cotopaxi,188,650,-0.933333,-78.616667,4,2020,488716.0
El Oro,726,1591,-3.266667,-79.966667,4,2020,715751.0
Esmeraldas,230,653,1.05,-79.2,4,2020,591083.0
Galápagos,3,15,-0.799999999999999,-89.4,4,2020,33042.0
Guayas,12644,21825,-2.183333,-79.883333,4,2020,4387434.0
Imbabura,180,670,0.362678,-78.130667,4,2020,476257.0
Loja,197,782,-3.983333,-79.2,4,2020,521154.0
Los Ríos,954,1909,-1.8,-79.533333,4,2020,921763.0
Manabí,1862,3663,-1.056181,-80.455217,4,2020,1562079.0
Morona Santiago,32,177,-2.3,-78.116667,4,2020,196535.0
Napo,39,120,-0.989,-77.8159,4,2020,133705.0
Orellana,33,139,-0.466667,-76.966667,4,2020,161338.0
Pastaza,26,119,-1.066667,-78.001111,4,2020,114202.0
Pichincha,1310,4801,-0.218611,-78.509722,4,2020,3228233.0
Santa Elena,1184,1596,-2.2267,-80.8583,4,2020,401178.0
Sto. Domingo Tsáchilas,254,853,-0.254167,-79.171944,4,2020,511151.0
Sucumbíos,58,222,0.084722,-76.882778,4,2020,230503.0
Tungurahua,287,1004,-1.241667,-78.619722,4,2020,590600.0
Zamora Chinchipe,26,101,-4.12,-78.8,4,2020,120416.0
Azuay,378,1794,-2.897414,-79.004481,5,2020,881394.0
Bolívar,104,442,-1.605556,-79.003056,5,2020,209933.0
Carchi,69,299,0.81218,-77.71633,5,2020,186869.0
Cañar,101,573,-2.733333,-78.833333,5,2020,281396.0
Chimborazo,307,1321,-1.674347,-78.64829399999999,5,2020,524004.0
Cotopaxi,201,851,-0.933333,-78.616667,5,2020,488716.0
El Oro,729,2320,-3.266667,-79.966667,5,2020,715751.0
Esmeraldas,339,992,1.05,-79.2,5,2020,591083.0
Galápagos,1,16,-0.799999999999999,-89.4,5,2020,33042.0
Guayas,2672,24497,-2.183333,-79.883333,5,2020,4387434.0
Imbabura,183,853,0.362678,-78.130667,5,2020,476257.0
Loja,230,1012,-3.983333,-79.2,5,2020,521154.0
Los Ríos,630,2539,-1.8,-79.533333,5,2020,921763.0
Manabí,1364,5027,-1.056181,-80.455217,5,2020,1562079.0
Morona Santiago,52,229,-2.3,-78.116667,5,2020,196535.0
Napo,70,190,-0.989,-77.8159,5,2020,133705.0
Orellana,44,183,-0.466667,-76.966667,5,2020,161338.0
Pastaza,25,144,-1.066667,-78.001111,5,2020,114202.0
Pichincha,1592,6393,-0.218611,-78.509722,5,2020,3228233.0
Santa Elena,401,1997,-2.2267,-80.8583,5,2020,401178.0
Sto. Domingo Tsáchilas,296,1149,-0.254167,-79.171944,5,2020,511151.0
Sucumbíos,74,296,0.084722,-76.882778,5,2020,230503.0
Tungurahua,393,1397,-1.241667,-78.619722,5,2020,590600.0
Zamora Chinchipe,29,130,-4.12,-78.8,5,2020,120416.0
Azuay,384,2178,-2.897414,-79.004481,6,2020,881394.0
Bolívar,103,545,-1.605556,-79.003056,6,2020,209933.0
Carchi,75,374,0.81218,-77.71633,6,2020,186869.0
Cañar,97,670,-2.733333,-78.833333,6,2020,281396.0
Chimborazo,319,1640,-1.674347,-78.64829399999999,6,2020,524004.0
Cotopaxi,300,1151,-0.933333,-78.616667,6,2020,488716.0
El Oro,474,2794,-3.266667,-79.966667,6,2020,715751.0
Esmeraldas,306,1298,1.05,-79.2,6,2020,591083.0
Galápagos,7,23,-0.799999999999999,-89.4,6,2020,33042.0
Guayas,1858,26355,-2.183333,-79.883333,6,2020,4387434.0
Imbabura,245,1098,0.362678,-78.130667,6,2020,476257.0
Loja,249,1261,-3.983333,-79.2,6,2020,521154.0
Los Ríos,457,2996,-1.8,-79.533333,6,2020,921763.0
Manabí,837,5864,-1.056181,-80.455217,6,2020,1562079.0
Morona Santiago,72,301,-2.3,-78.116667,6,2020,196535.0
Napo,88,278,-0.989,-77.8159,6,2020,133705.0
Orellana,86,269,-0.466667,-76.966667,6,2020,161338.0
Pastaza,47,191,-1.066667,-78.001111,6,2020,114202.0
Pichincha,1866,8259,-0.218611,-78.509722,6,2020,3228233.0
Santa Elena,147,2144,-2.2267,-80.8583,6,2020,401178.0
Sto. Domingo Tsáchilas,400,1549,-0.254167,-79.171944,6,2020,511151.0
Sucumbíos,105,401,0.084722,-76.882778,6,2020,230503.0
Tungurahua,535,1932,-1.241667,-78.619722,6,2020,590600.0
Zamora Chinchipe,49,179,-4.12,-78.8,6,2020,120416.0
Azuay,488,2666,-2.897414,-79.004481,7,2020,881394.0
Bolívar,119,664,-1.605556,-79.003056,7,2020,209933.0
Carchi,109,483,0.81218,-77.71633,7,2020,186869.0
Cañar,156,826,-2.733333,-78.833333,7,2020,281396.0
Chimborazo,451,2091,-1.674347,-78.64829399999999,7,2020,524004.0
Cotopaxi,309,1460,-0.933333,-78.616667,7,2020,488716.0
El Oro,438,3232,-3.266667,-79.966667,7,2020,715751.0
Esmeraldas,240,1538,1.05,-79.2,7,2020,591083.0
Galápagos,2,25,-0.799999999999999,-89.4,7,2020,33042.0
Guayas,2050,28405,-2.183333,-79.883333,7,2020,4387434.0
Imbabura,330,1428,0.362678,-78.130667,7,2020,476257.0
Loja,350,1611,-3.983333,-79.2,7,2020,521154.0
Los Ríos,442,3438,-1.8,-79.533333,7,2020,921763.0
Manabí,875,6739,-1.056181,-80.455217,7,2020,1562079.0
Morona Santiago,77,378,-2.3,-78.116667,7,2020,196535.0
Napo,62,340,-0.989,-77.8159,7,2020,133705.0
Orellana,85,354,-0.466667,-76.966667,7,2020,161338.0
Pastaza,67,258,-1.066667,-78.001111,7,2020,114202.0
Pichincha,2875,11134,-0.218611,-78.509722,7,2020,3228233.0
Santa Elena,120,2264,-2.2267,-80.8583,7,2020,401178.0
Sto. Domingo Tsáchilas,437,1986,-0.254167,-79.171944,7,2020,511151.0
Sucumbíos,180,581,0.084722,-76.882778,7,2020,230503.0
Tungurahua,619,2551,-1.241667,-78.619722,7,2020,590600.0
Zamora Chinchipe,45,224,-4.12,-78.8,7,2020,120416.0
Azuay,641,3307,-2.897414,-79.004481,8,2020,881394.0
Bolívar,114,778,-1.605556,-79.003056,8,2020,209933.0
Carchi,139,622,0.81218,-77.71633,8,2020,186869.0
Cañar,180,1006,-2.733333,-78.833333,8,2020,281396.0
Chimborazo,366,2457,-1.674347,-78.64829399999999,8,2020,524004.0
Cotopaxi,256,1716,-0.933333,-78.616667,8,2020,488716.0
El Oro,401,3633,-3.266667,-79.966667,8,2020,715751.0
Esmeraldas,178,1716,1.05,-79.2,8,2020,591083.0
Galápagos,6,31,-0.799999999999999,-89.4,8,2020,33042.0
Guayas,2074,30479,-2.183333,-79.883333,8,2020,4387434.0
Imbabura,391,1819,0.362678,-78.130667,8,2020,476257.0
Loja,389,2000,-3.983333,-79.2,8,2020,521154.0
Los Ríos,402,3840,-1.8,-79.533333,8,2020,921763.0
Manabí,846,7585,-1.056181,-80.455217,8,2020,1562079.0
Morona Santiago,72,450,-2.3,-78.116667,8,2020,196535.0
Napo,63,403,-0.989,-77.8159,8,2020,133705.0
Orellana,57,411,-0.466667,-76.966667,8,2020,161338.0
Pastaza,45,303,-1.066667,-78.001111,8,2020,114202.0
Pichincha,2463,13597,-0.218611,-78.509722,8,2020,3228233.0
Santa Elena,164,2428,-2.2267,-80.8583,8,2020,401178.0
Sto. Domingo Tsáchilas,322,2308,-0.254167,-79.171944,8,2020,511151.0
Sucumbíos,108,689,0.084722,-76.882778,8,2020,230503.0
Tungurahua,405,2956,-1.241667,-78.619722,8,2020,590600.0
Zamora Chinchipe,58,282,-4.12,-78.8,8,2020,120416.0
Azuay,541,3848,-2.897414,-79.004481,9,2020,881394.0
Bolívar,80,858,-1.605556,-79.003056,9,2020,209933.0
Carchi,116,738,0.81218,-77.71633,9,2020,186869.0
Cañar,140,1146,-2.733333,-78.833333,9,2020,281396.0
Chimborazo,268,2725,-1.674347,-78.64829399999999,9,2020,524004.0
Cotopaxi,219,1935,-0.933333,-78.616667,9,2020,488716.0
El Oro,429,4062,-3.266667,-79.966667,9,2020,715751.0
Esmeraldas,155,1871,1.05,-79.2,9,2020,591083.0
Galápagos,5,36,-0.799999999999999,-89.4,9,2020,33042.0
Guayas,1871,32350,-2.183333,-79.883333,9,2020,4387434.0
Imbabura,269,2088,0.362678,-78.130667,9,2020,476257.0
Loja,293,2293,-3.983333,-79.2,9,2020,521154.0
Los Ríos,323,4163,-1.8,-79.533333,9,2020,921763.0
Manabí,711,8296,-1.056181,-80.455217,9,2020,1562079.0
Morona Santiago,56,506,-2.3,-78.116667,9,2020,196535.0
Napo,36,439,-0.989,-77.8159,9,2020,133705.0
Orellana,40,451,-0.466667,-76.966667,9,2020,161338.0
Pastaza,31,334,-1.066667,-78.001111,9,2020,114202.0
Pichincha,1771,15368,-0.218611,-78.509722,9,2020,3228233.0
Santa Elena,107,2535,-2.2267,-80.8583,9,2020,401178.0
Sto. Domingo Tsáchilas,238,2546,-0.254167,-79.171944,9,2020,511151.0
Sucumbíos,61,750,0.084722,-76.882778,9,2020,230503.0
Tungurahua,304,3260,-1.241667,-78.619722,9,2020,590600.0
Zamora Chinchipe,27,309,-4.12,-78.8,9,2020,120416.0
Azuay,486,4334,-2.897414,-79.004481,10,2020,881394.0
Bolívar,73,931,-1.605556,-79.003056,10,2020,209933.0
Carchi,76,814,0.81218,-77.71633,10,2020,186869.0
Cañar,150,1296,-2.733333,-78.833333,10,2020,281396.0
Chimborazo,238,2963,-1.674347,-78.64829399999999,10,2020,524004.0
Cotopaxi,195,2130,-0.933333,-78.616667,10,2020,488716.0
El Oro,336,4398,-3.266667,-79.966667,10,2020,715751.0
Esmeraldas,142,2013,1.05,-79.2,10,2020,591083.0
Galápagos,4,40,-0.799999999999999,-89.4,10,2020,33042.0
Guayas,2097,34447,-2.183333,-79.883333,10,2020,4387434.0
Imbabura,206,2294,0.362678,-78.130667,10,2020,476257.0
Loja,214,2507,-3.983333,-79.2,10,2020,521154.0
Los Ríos,356,4519,-1.8,-79.533333,10,2020,921763.0
Manabí,755,9051,-1.056181,-80.455217,10,2020,1562079.0
Morona Santiago,53,559,-2.3,-78.116667,10,2020,196535.0
Napo,38,477,-0.989,-77.8159,10,2020,133705.0
Orellana,43,494,-0.466667,-76.966667,10,2020,161338.0
Pastaza,30,364,-1.066667,-78.001111,10,2020,114202.0
Pichincha,1413,16781,-0.218611,-78.509722,10,2020,3228233.0
Santa Elena,141,2676,-2.2267,-80.8583,10,2020,401178.0
Sto. Domingo Tsáchilas,216,2762,-0.254167,-79.171944,10,2020,511151.0
Sucumbíos,68,818,0.084722,-76.882778,10,2020,230503.0
Tungurahua,301,3561,-1.241667,-78.619722,10,2020,590600.0
Zamora Chinchipe,19,328,-4.12,-78.8,10,2020,120416.0
Azuay,430,4764,-2.897414,-79.004481,11,2020,881394.0
Bolívar,78,1009,-1.605556,-79.003056,11,2020,209933.0
Carchi,64,878,0.81218,-77.71633,11,2020,186869.0
Cañar,113,1409,-2.733333,-78.833333,11,2020,281396.0
Chimborazo,234,3197,-1.674347,-78.64829399999999,11,2020,524004.0
Cotopaxi,211,2341,-0.933333,-78.616667,11,2020,488716.0
El Oro,321,4719,-3.266667,-79.966667,11,2020,715751.0
Esmeraldas,135,2148,1.05,-79.2,11,2020,591083.0
Galápagos,6,46,-0.799999999999999,-89.4,11,2020,33042.0
Guayas,2115,36562,-2.183333,-79.883333,11,2020,4387434.0
Imbabura,188,2482,0.362678,-78.130667,11,2020,476257.0
Loja,205,2712,-3.983333,-79.2,11,2020,521154.0
Los Ríos,346,4865,-1.8,-79.533333,11,2020,921763.0
Manabí,776,9827,-1.056181,-80.455217,11,2020,1562079.0
Morona Santiago,46,605,-2.3,-78.116667,11,2020,196535.0
Napo,36,513,-0.989,-77.8159,11,2020,133705.0
Orellana,51,545,-0.466667,-76.966667,11,2020,161338.0
Pastaza,25,389,-1.066667,-78.001111,11,2020,114202.0
Pichincha,1347,18128,-0.218611,-78.509722,11,2020,3228233.0
Santa Elena,188,2864,-2.2267,-80.8583,11,2020,401178.0
Sto. Domingo Tsáchilas,187,2949,-0.254167,-79.171944,11,2020,511151.0
Sucumbíos,62,880,0.084722,-76.882778,11,2020,230503.0
Tungurahua,259,3820,-1.241667,-78.619722,11,2020,590600.0
Zamora Chinchipe,31,359,-4.12,-78.8,11,2020,120416.0
Azuay,420,5184,-2.897414,-79.004481,12,2020,881394.0
Bolívar,103,1112,-1.605556,-79.003056,12,2020,209933.0
Carchi,100,978,0.81218,-77.71633,12,2020,186869.0
Cañar,120,1529,-2.733333,-78.833333,12,2020,281396.0
Chimborazo,232,3429,-1.674347,-78.64829399999999,12,2020,524004.0
Cotopaxi,223,2564,-0.933333,-78.616667,12,2020,488716.0
El Oro,320,5039,-3.266667,-79.966667,12,2020,715751.0
Esmeraldas,150,2298,1.05,-79.2,12,2020,591083.0
Galápagos,5,51,-0.799999999999999,-89.4,12,2020,33042.0
Guayas,2106,38668,-2.183333,-79.883333,12,2020,4387434.0
Imbabura,228,2710,0.362678,-78.130667,12,2020,476257.0
Loja,229,2941,-3.983333,-79.2,12,2020,521154.0
Los Ríos,333,5198,-1.8,-79.533333,12,2020,921763.0
Manabí,731,10558,-1.056181,-80.455217,12,2020,1562079.0
Morona Santiago,56,661,-2.3,-78.116667,12,2020,196535.0
Napo,45,558,-0.989,-77.8159,12,2020,133705.0
Orellana,36,581,-0.466667,-76.966667,12,2020,161338.0
Pastaza,32,421,-1.066667,-78.001111,12,2020,114202.0
Pichincha,1533,19661,-0.218611,-78.509722,12,2020,3228233.0
Santa Elena,166,3030,-2.2267,-80.8583,12,2020,401178.0
Sto. Domingo Tsáchilas,236,3185,-0.254167,-79.171944,12,2020,511151.0
Sucumbíos,55,935,0.084722,-76.882778,12,2020,230503.0
Tungurahua,325,4145,-1.241667,-78.619722,12,2020,590600.0
Zamora Chinchipe,17,376,-4.12,-78.8,12,2020,120416.0
Azuay,505,505,-2.897414,-79.004481,1,2021,881394.0
Bolívar,110,110,-1.605556,-79.003056,1,2021,209933.0
Carchi,151,151,0.81218,-77.71633,1,2021,186869.0
Cañar,139,139,-2.733333,-78.833333,1,2021,281396.0
Chimborazo,317,317,-1.674347,-78.64829399999999,1,2021,524004.0
Cotopaxi,279,279,-0.933333,-78.616667,1,2021,488716.0
El Oro,442,442,-3.266667,-79.966667,1,2021,715751.0
Esmeraldas,176,176,1.05,-79.2,1,2021,591083.0
Galápagos,12,12,-0.799999999999999,-89.4,1,2021,33042.0
Guayas,2664,2664,-2.183333,-79.883333,1,2021,4387434.0
Imbabura,274,274,0.362678,-78.130667,1,2021,476257.0
Loja,250,250,-3.983333,-79.2,1,2021,521154.0
Los Ríos,441,441,-1.8,-79.533333,1,2021,921763.0
Manabí,774,774,-1.056181,-80.455217,1,2021,1562079.0
Morona Santiago,57,57,-2.3,-78.116667,1,2021,196535.0
Napo,57,57,-0.989,-77.8159,1,2021,133705.0
Orellana,46,46,-0.466667,-76.966667,1,2021,161338.0
Pastaza,42,42,-1.066667,-78.001111,1,2021,114202.0
Pichincha,1828,1828,-0.218611,-78.509722,1,2021,3228233.0
Santa Elena,178,178,-2.2267,-80.8583,1,2021,401178.0
Sto. Domingo Tsáchilas,245,245,-0.254167,-79.171944,1,2021,511151.0
Sucumbíos,85,85,0.084722,-76.882778,1,2021,230503.0
Tungurahua,448,448,-1.241667,-78.619722,1,2021,590600.0
Zamora Chinchipe,32,32,-4.12,-78.8,1,2021,120416.0
Azuay,479,984,-2.897414,-79.004481,2,2021,881394.0
Bolívar,94,204,-1.605556,-79.003056,2,2021,209933.0
Carchi,73,224,0.81218,-77.71633,2,2021,186869.0
Cañar,132,271,-2.733333,-78.833333,2,2021,281396.0
Chimborazo,266,583,-1.674347,-78.64829399999999,2,2021,524004.0
Cotopaxi,273,552,-0.933333,-78.616667,2,2021,488716.0
El Oro,465,907,-3.266667,-79.966667,2,2021,715751.0
Esmeraldas,192,368,1.05,-79.2,2,2021,591083.0
Galápagos,6,18,-0.799999999999999,-89.4,2,2021,33042.0
Guayas,2461,5125,-2.183333,-79.883333,2,2021,4387434.0
Imbabura,237,511,0.362678,-78.130667,2,2021,476257.0
Loja,286,536,-3.983333,-79.2,2,2021,521154.0
Los Ríos,470,911,-1.8,-79.533333,2,2021,921763.0
Manabí,867,1641,-1.056181,-80.455217,2,2021,1562079.0
Morona Santiago,48,105,-2.3,-78.116667,2,2021,196535.0
Napo,41,98,-0.989,-77.8159,2,2021,133705.0
Orellana,44,90,-0.466667,-76.966667,2,2021,161338.0
Pastaza,29,71,-1.066667,-78.001111,2,2021,114202.0
Pichincha,1626,3454,-0.218611,-78.509722,2,2021,3228233.0
Santa Elena,131,309,-2.2267,-80.8583,2,2021,401178.0
Sto. Domingo Tsáchilas,268,513,-0.254167,-79.171944,2,2021,511151.0
Sucumbíos,75,160,0.084722,-76.882778,2,2021,230503.0
Tungurahua,352,800,-1.241667,-78.619722,2,2021,590600.0
Zamora Chinchipe,36,68,-4.12,-78.8,2,2021,120416.0
Azuay,525,1509,-2.897414,-79.004481,3,2021,881394.0
Bolívar,149,353,-1.605556,-79.003056,3,2021,209933.0
Carchi,96,320,0.81218,-77.71633,3,2021,186869.0
Cañar,170,441,-2.733333,-78.833333,3,2021,281396.0
Chimborazo,335,918,-1.674347,-78.64829399999999,3,2021,524004.0
Cotopaxi,264,816,-0.933333,-78.616667,3,2021,488716.0
El Oro,496,1403,-3.266667,-79.966667,3,2021,715751.0
Esmeraldas,295,663,1.05,-79.2,3,2021,591083.0
Galápagos,11,29,-0.799999999999999,-89.4,3,2021,33042.0
Guayas,3152,8277,-2.183333,-79.883333,3,2021,4387434.0
Imbabura,250,761,0.362678,-78.130667,3,2021,476257.0
Loja,456,992,-3.983333,-79.2,3,2021,521154.0
Los Ríos,593,1504,-1.8,-79.533333,3,2021,921763.0
Manabí,1146,2787,-1.056181,-80.455217,3,2021,1562079.0
Morona Santiago,61,166,-2.3,-78.116667,3,2021,196535.0
Napo,51,149,-0.989,-77.8159,3,2021,133705.0
Orellana,56,146,-0.466667,-76.966667,3,2021,161338.0
Pastaza,47,118,-1.066667,-78.001111,3,2021,114202.0
Pichincha,1934,5388,-0.218611,-78.509722,3,2021,3228233.0
Santa Elena,201,510,-2.2267,-80.8583,3,2021,401178.0
Sto. Domingo Tsáchilas,389,902,-0.254167,-79.171944,3,2021,511151.0
Sucumbíos,103,263,0.084722,-76.882778,3,2021,230503.0
Tungurahua,361,1161,-1.241667,-78.619722,3,2021,590600.0
Zamora Chinchipe,40,108,-4.12,-78.8,3,2021,120416.0
Azuay,599,2108,-2.897414,-79.004481,4,2021,881394.0
Bolívar,145,498,-1.605556,-79.003056,4,2021,209933.0
Carchi,105,425,0.81218,-77.71633,4,2021,186869.0
Cañar,152,593,-2.733333,-78.833333,4,2021,281396.0
Chimborazo,378,1296,-1.674347,-78.64829399999999,4,2021,524004.0
Cotopaxi,311,1127,-0.933333,-78.616667,4,2021,488716.0
El Oro,710,2113,-3.266667,-79.966667,4,2021,715751.0
Esmeraldas,275,938,1.05,-79.2,4,2021,591083.0
Galápagos,9,38,-0.799999999999999,-89.4,4,2021,33042.0
Guayas,3739,12016,-2.183333,-79.883333,4,2021,4387434.0
Imbabura,328,1089,0.362678,-78.130667,4,2021,476257.0
Loja,514,1506,-3.983333,-79.2,4,2021,521154.0
Los Ríos,660,2164,-1.8,-79.533333,4,2021,921763.0
Manabí,1184,3971,-1.056181,-80.455217,4,2021,1562079.0
Morona Santiago,60,226,-2.3,-78.116667,4,2021,196535.0
Napo,50,199,-0.989,-77.8159,4,2021,133705.0
Orellana,58,204,-0.466667,-76.966667,4,2021,161338.0
Pastaza,46,164,-1.066667,-78.001111,4,2021,114202.0
Pichincha,2482,7870,-0.218611,-78.509722,4,2021,3228233.0
Santa Elena,278,788,-2.2267,-80.8583,4,2021,401178.0
Sto. Domingo Tsáchilas,430,1332,-0.254167,-79.171944,4,2021,511151.0
Sucumbíos,120,383,0.084722,-76.882778,4,2021,230503.0
Tungurahua,537,1698,-1.241667,-78.619722,4,2021,590600.0
Zamora Chinchipe,87,195,-4.12,-78.8,4,2021,120416.0
Azuay,599,2707,-2.897414,-79.004481,5,2021,881394.0
Bolívar,111,609,-1.605556,-79.003056,5,2021,209933.0
Carchi,113,538,0.81218,-77.71633,5,2021,186869.0
Cañar,156,749,-2.733333,-78.833333,5,2021,281396.0
Chimborazo,369,1665,-1.674347,-78.64829399999999,5,2021,524004.0
Cotopaxi,317,1444,-0.933333,-78.616667,5,2021,488716.0
El Oro,537,2650,-3.266667,-79.966667,5,2021,715751.0
Esmeraldas,242,1180,1.05,-79.2,5,2021,591083.0
Galápagos,6,44,-0.799999999999999,-89.4,5,2021,33042.0
Guayas,2954,14970,-2.183333,-79.883333,5,2021,4387434.0
Imbabura,359,1448,0.362678,-78.130667,5,2021,476257.0
Loja,348,1854,-3.983333,-79.2,5,2021,521154.0
Los Ríos,540,2704,-1.8,-79.533333,5,2021,921763.0
Manabí,853,4824,-1.056181,-80.455217,5,2021,1562079.0
Morona Santiago,57,283,-2.3,-78.116667,5,2021,196535.0
Napo,59,258,-0.989,-77.8159,5,2021,133705.0
Orellana,56,260,-0.466667,-76.966667,5,2021,161338.0
Pastaza,60,224,-1.066667,-78.001111,5,2021,114202.0
Pichincha,2278,10148,-0.218611,-78.509722,5,2021,3228233.0
Santa Elena,161,949,-2.2267,-80.8583,5,2021,401178.0
Sto. Domingo Tsáchilas,326,1658,-0.254167,-79.171944,5,2021,511151.0
Sucumbíos,102,485,0.084722,-76.882778,5,2021,230503.0
Tungurahua,509,2207,-1.241667,-78.619722,5,2021,590600.0
Zamora Chinchipe,51,246,-4.12,-78.8,5,2021,120416.0
Azuay,482,3189,-2.897414,-79.004481,6,2021,881394.0
Bolívar,76,685,-1.605556,-79.003056,6,2021,209933.0
Carchi,103,641,0.81218,-77.71633,6,2021,186869.0
Cañar,114,863,-2.733333,-78.833333,6,2021,281396.0
Chimborazo,281,1946,-1.674347,-78.64829399999999,6,2021,524004.0
Cotopaxi,236,1680,-0.933333,-78.616667,6,2021,488716.0
El Oro,379,3029,-3.266667,-79.966667,6,2021,715751.0
Esmeraldas,188,1368,1.05,-79.2,6,2021,591083.0
Galápagos,4,48,-0.799999999999999,-89.4,6,2021,33042.0
Guayas,2186,17156,-2.183333,-79.883333,6,2021,4387434.0
Imbabura,241,1689,0.362678,-78.130667,6,2021,476257.0
Loja,257,2111,-3.983333,-79.2,6,2021,521154.0
Los Ríos,382,3086,-1.8,-79.533333,6,2021,921763.0
Manabí,683,5507,-1.056181,-80.455217,6,2021,1562079.0
Morona Santiago,53,336,-2.3,-78.116667,6,2021,196535.0
Napo,45,303,-0.989,-77.8159,6,2021,133705.0
Orellana,47,307,-0.466667,-76.966667,6,2021,161338.0
Pastaza,35,259,-1.066667,-78.001111,6,2021,114202.0
Pichincha,1648,11796,-0.218611,-78.509722,6,2021,3228233.0
Santa Elena,137,1086,-2.2267,-80.8583,6,2021,401178.0
Sto. Domingo Tsáchilas,236,1894,-0.254167,-79.171944,6,2021,511151.0
Sucumbíos,60,545,0.084722,-76.882778,6,2021,230503.0
Tungurahua,346,2553,-1.241667,-78.619722,6,2021,590600.0
Zamora Chinchipe,22,268,-4.12,-78.8,6,2021,120416.0
Azuay,480,3669,-2.897414,-79.004481,7,2021,881394.0
Bolívar,84,769,-1.605556,-79.003056,7,2021,209933.0
Carchi,98,739,0.81218,-77.71633,7,2021,186869.0
Cañar,134,997,-2.733333,-78.833333,7,2021,281396.0
Chimborazo,276,2222,-1.674347,-78.64829399999999,7,2021,524004.0
Cotopaxi,212,1892,-0.933333,-78.616667,7,2021,488716.0
El Oro,329,3358,-3.266667,-79.966667,7,2021,715751.0
Esmeraldas,182,1550,1.05,-79.2,7,2021,591083.0
Galápagos,4,52,-0.799999999999999,-89.4,7,2021,33042.0
Guayas,2132,19288,-2.183333,-79.883333,7,2021,4387434.0
Imbabura,230,1919,0.362678,-78.130667,7,2021,476257.0
Loja,230,2341,-3.983333,-79.2,7,2021,521154.0
Los Ríos,390,3476,-1.8,-79.533333,7,2021,921763.0
Manabí,581,6088,-1.056181,-80.455217,7,2021,1562079.0
Morona Santiago,43,379,-2.3,-78.116667,7,2021,196535.0
Napo,52,355,-0.989,-77.8159,7,2021,133705.0
Orellana,52,359,-0.466667,-76.966667,7,2021,161338.0
Pastaza,35,294,-1.066667,-78.001111,7,2021,114202.0
Pichincha,1684,13480,-0.218611,-78.509722,7,2021,3228233.0
Santa Elena,142,1228,-2.2267,-80.8583,7,2021,401178.0
Sto. Domingo Tsáchilas,202,2096,-0.254167,-79.171944,7,2021,511151.0
Sucumbíos,76,621,0.084722,-76.882778,7,2021,230503.0
Tungurahua,280,2833,-1.241667,-78.619722,7,2021,590600.0
Zamora Chinchipe,22,290,-4.12,-78.8,7,2021,120416.0
Azuay,394,4063,-2.897414,-79.004481,8,2021,881394.0
Bolívar,87,856,-1.605556,-79.003056,8,2021,209933.0
Carchi,77,816,0.81218,-77.71633,8,2021,186869.0
Cañar,111,1108,-2.733333,-78.833333,8,2021,281396.0
Chimborazo,227,2449,-1.674347,-78.64829399999999,8,2021,524004.0
Cotopaxi,178,2070,-0.933333,-78.616667,8,2021,488716.0
El Oro,341,3699,-3.266667,-79.966667,8,2021,715751.0
Esmeraldas,161,1711,1.05,-79.2,8,2021,591083.0
Galápagos,7,59,-0.799999999999999,-89.4,8,2021,33042.0
Guayas,1913,21201,-2.183333,-79.883333,8,2021,4387434.0
Imbabura,187,2106,0.362678,-78.130667,8,2021,476257.0
Loja,230,2571,-3.983333,-79.2,8,2021,521154.0
Los Ríos,368,3844,-1.8,-79.533333,8,2021,921763.0
Manabí,625,6713,-1.056181,-80.455217,8,2021,1562079.0
Morona Santiago,66,445,-2.3,-78.116667,8,2021,196535.0
Napo,31,386,-0.989,-77.8159,8,2021,133705.0
Orellana,36,395,-0.466667,-76.966667,8,2021,161338.0
Pastaza,33,327,-1.066667,-78.001111,8,2021,114202.0
Pichincha,1305,14785,-0.218611,-78.509722,8,2021,3228233.0
Santa Elena,121,1349,-2.2267,-80.8583,8,2021,401178.0
Sto. Domingo Tsáchilas,196,2292,-0.254167,-79.171944,8,2021,511151.0
Sucumbíos,78,699,0.084722,-76.882778,8,2021,230503.0
Tungurahua,243,3076,-1.241667,-78.619722,8,2021,590600.0
Zamora Chinchipe,31,321,-4.12,-78.8,8,2021,120416.0
Azuay,325,4388,-2.897414,-79.004481,9,2021,881394.0
Bolívar,79,935,-1.605556,-79.003056,9,2021,209933.0
Carchi,67,883,0.81218,-77.71633,9,2021,186869.0
Cañar,96,1204,-2.733333,-78.833333,9,2021,281396.0
Chimborazo,181,2630,-1.674347,-78.64829399999999,9,2021,524004.0
Cotopaxi,153,2223,-0.933333,-78.616667,9,2021,488716.0
El Oro,311,4010,-3.266667,-79.966667,9,2021,715751.0
Esmeraldas,168,1879,1.05,-79.2,9,2021,591083.0
Galápagos,5,64,-0.799999999999999,-89.4,9,2021,33042.0
Guayas,1975,23176,-2.183333,-79.883333,9,2021,4387434.0
Imbabura,194,2300,0.362678,-78.130667,9,2021,476257.0
Loja,221,2792,-3.983333,-79.2,9,2021,521154.0
Los Ríos,336,4180,-1.8,-79.533333,9,2021,921763.0
Manabí,540,7253,-1.056181,-80.455217,9,2021,1562079.0
Morona Santiago,34,479,-2.3,-78.116667,9,2021,196535.0
Napo,46,432,-0.989,-77.8159,9,2021,133705.0
Orellana,40,435,-0.466667,-76.966667,9,2021,161338.0
Pastaza,27,354,-1.066667,-78.001111,9,2021,114202.0
Pichincha,1172,15957,-0.218611,-78.509722,9,2021,3228233.0
Santa Elena,106,1455,-2.2267,-80.8583,9,2021,401178.0
Sto. Domingo Tsáchilas,192,2484,-0.254167,-79.171944,9,2021,511151.0
Sucumbíos,52,751,0.084722,-76.882778,9,2021,230503.0
Tungurahua,270,3346,-1.241667,-78.619722,9,2021,590600.0
Zamora Chinchipe,16,337,-4.12,-78.8,9,2021,120416.0
Azuay,350,4738,-2.897414,-79.004481,10,2021,881394.0
Bolívar,72,1007,-1.605556,-79.003056,10,2021,209933.0
Carchi,68,951,0.81218,-77.71633,10,2021,186869.0
Cañar,89,1293,-2.733333,-78.833333,10,2021,281396.0
Chimborazo,189,2819,-1.674347,-78.64829399999999,10,2021,524004.0
Cotopaxi,139,2362,-0.933333,-78.616667,10,2021,488716.0
El Oro,257,4267,-3.266667,-79.966667,10,2021,715751.0
Esmeraldas,144,2023,1.05,-79.2,10,2021,591083.0
Galápagos,2,66,-0.799999999999999,-89.4,10,2021,33042.0
Guayas,1927,25103,-2.183333,-79.883333,10,2021,4387434.0
Imbabura,162,2462,0.362678,-78.130667,10,2021,476257.0
Loja,211,3003,-3.983333,-79.2,10,2021,521154.0
Los Ríos,358,4538,-1.8,-79.533333,10,2021,921763.0
Manabí,577,7830,-1.056181,-80.455217,10,2021,1562079.0
Morona Santiago,29,508,-2.3,-78.116667,10,2021,196535.0
Napo,34,466,-0.989,-77.8159,10,2021,133705.0
Orellana,54,489,-0.466667,-76.966667,10,2021,161338.0
Pastaza,35,389,-1.066667,-78.001111,10,2021,114202.0
Pichincha,1118,17075,-0.218611,-78.509722,10,2021,3228233.0
Santa Elena,112,1567,-2.2267,-80.8583,10,2021,401178.0
Sto. Domingo Tsáchilas,188,2672,-0.254167,-79.171944,10,2021,511151.0
Sucumbíos,67,818,0.084722,-76.882778,10,2021,230503.0
Tungurahua,239,3585,-1.241667,-78.619722,10,2021,590600.0
Zamora Chinchipe,29,366,-4.12,-78.8,10,2021,120416.0
Azuay,158,4896,-2.897414,-79.004481,11,2021,881394.0
Bolívar,39,1046,-1.605556,-79.003056,11,2021,209933.0
Carchi,29,980,0.81218,-77.71633,11,2021,186869.0
Cañar,35,1328,-2.733333,-78.833333,11,2021,281396.0
Chimborazo,80,2899,-1.674347,-78.64829399999999,11,2021,524004.0
Cotopaxi,84,2446,-0.933333,-78.616667,11,2021,488716.0
El Oro,145,4412,-3.266667,-79.966667,11,2021,715751.0
Esmeraldas,74,2097,1.05,-79.2,11,2021,591083.0
Galápagos,1,67,-0.799999999999999,-89.4,11,2021,33042.0
Guayas,959,26062,-2.183333,-79.883333,11,2021,4387434.0
Imbabura,118,2580,0.362678,-78.130667,11,2021,476257.0
Loja,93,3096,-3.983333,-79.2,11,2021,521154.0
Los Ríos,189,4727,-1.8,-79.533333,11,2021,921763.0
Manabí,339,8169,-1.056181,-80.455217,11,2021,1562079.0
Morona Santiago,16,524,-2.3,-78.116667,11,2021,196535.0
Napo,21,487,-0.989,-77.8159,11,2021,133705.0
Orellana,24,513,-0.466667,-76.966667,11,2021,161338.0
Pastaza,12,401,-1.066667,-78.001111,11,2021,114202.0
Pichincha,609,17684,-0.218611,-78.509722,11,2021,3228233.0
Santa Elena,62,1629,-2.2267,-80.8583,11,2021,401178.0
Sto. Domingo Tsáchilas,119,2791,-0.254167,-79.171944,11,2021,511151.0
Sucumbíos,21,839,0.084722,-76.882778,11,2021,230503.0
Tungurahua,140,3725,-1.241667,-78.619722,11,2021,590600.0
Zamora Chinchipe,11,377,-4.12,-78.8,11,2021,120416.0
