nuevas,dosis_total_diff,primera_dosis_diff,segunda_dosis_diff,refuerzo_diff,(MSP) UCI Porcentaje Ocupadas,(RPIS) UCI Porcentaje Ocupadas,(RPC) UCI Porcentaje Ocupadas
23,0.0,0.0,0.0,0.0,,,
5,0.0,0.0,0.0,0.0,,,
11,0.0,0.0,0.0,0.0,,,
21,0.0,0.0,0.0,0.0,,,
53,0.0,0.0,0.0,0.0,,,
63,0.0,0.0,0.0,0.0,,,
92,0.0,0.0,0.0,0.0,,,
166,0.0,0.0,0.0,0.0,,,
106,0.0,0.0,0.0,0.0,,,
257,0.0,0.0,0.0,0.0,,,
192,0.0,0.0,0.0,0.0,,,
101,0.0,0.0,0.0,0.0,,,
129,0.0,0.0,0.0,0.0,,,
192,0.0,0.0,0.0,0.0,,,
224,0.0,0.0,0.0,0.0,,,
208,0.0,0.0,0.0,0.0,,,
89,0.0,0.0,0.0,0.0,,,
42,0.0,0.0,0.0,0.0,,,
336,0.0,0.0,0.0,0.0,,,
456,0.0,0.0,0.0,0.0,,,
405,0.0,0.0,0.0,0.0,,,
205,0.0,0.0,0.0,0.0,,,
97,0.0,0.0,0.0,0.0,,,
181,0.0,0.0,0.0,0.0,,,
101,0.0,0.0,0.0,0.0,,,
250,0.0,0.0,0.0,0.0,,,
455,0.0,0.0,0.0,0.0,,,
515,0.0,0.0,0.0,0.0,,,
2196,0.0,0.0,0.0,0.0,,,
98,0.0,0.0,0.0,0.0,,,
209,0.0,0.0,0.0,0.0,,,
63,0.0,0.0,0.0,0.0,,,
74,0.0,0.0,0.0,0.0,,,
257,0.0,0.0,0.0,0.0,,,
367,0.0,0.0,0.0,0.0,,,
225,0.0,0.0,0.0,0.0,,,
572,0.0,0.0,0.0,0.0,,,
446,0.0,0.0,0.0,0.0,,,
660,0.0,0.0,0.0,0.0,,,
270,0.0,0.0,0.0,0.0,,,
452,0.0,0.0,0.0,0.0,,,
333,0.0,0.0,0.0,0.0,,,
0,0.0,0.0,0.0,0.0,,,
0,0.0,0.0,0.0,0.0,,,
0,0.0,0.0,0.0,0.0,,,
0,0.0,0.0,0.0,0.0,,,
4545,0.0,0.0,0.0,0.0,,,
417,0.0,0.0,0.0,0.0,,,
259,0.0,0.0,0.0,0.0,,,
1402,0.0,0.0,0.0,0.0,,,
1057,0.0,0.0,0.0,0.0,,,
2074,0.0,0.0,0.0,0.0,,,
2104,0.0,0.0,0.0,0.0,,,
0,0.0,0.0,0.0,0.0,,,
3078,0.0,0.0,0.0,0.0,,,
878,0.0,0.0,0.0,0.0,,,
1704,0.0,0.0,0.0,0.0,,,
253,0.0,0.0,0.0,0.0,,,
488,0.0,0.0,0.0,0.0,,,
418,0.0,0.0,0.0,0.0,,,
911,0.0,0.0,0.0,0.0,,,
68,0.0,0.0,0.0,0.0,,,
16,0.0,0.0,0.0,0.0,,,
965,0.0,0.0,0.0,0.0,,,
1256,0.0,0.0,0.0,0.0,,,
459,0.0,0.0,0.0,0.0,,,
381,0.0,0.0,0.0,0.0,,,
569,0.0,0.0,0.0,0.0,,,
703,0.0,0.0,0.0,0.0,,,
452,0.0,0.0,0.0,0.0,,,
522,0.0,0.0,0.0,0.0,,,
430,0.0,0.0,0.0,0.0,,,
498,0.0,0.0,0.0,0.0,,,
599,0.0,0.0,0.0,0.0,,,
301,0.0,0.0,0.0,0.0,,,
447,0.0,0.0,0.0,0.0,,,
368,0.0,0.0,0.0,0.0,,,
100,0.0,0.0,0.0,0.0,,,
272,0.0,0.0,0.0,0.0,,,
255,0.0,0.0,0.0,0.0,,,
896,0.0,0.0,0.0,0.0,,,
420,0.0,0.0,0.0,0.0,,,
552,0.0,0.0,0.0,0.0,,,
609,0.0,0.0,0.0,0.0,,,
531,0.0,0.0,0.0,0.0,,,
622,0.0,0.0,0.0,0.0,,,
392,0.0,0.0,0.0,0.0,,,
258,0.0,0.0,0.0,0.0,,,
539,0.0,0.0,0.0,0.0,,,
523,0.0,0.0,0.0,0.0,,,
642,0.0,0.0,0.0,0.0,,,
696,0.0,0.0,0.0,0.0,,,
578,0.0,0.0,0.0,0.0,,,
395,0.0,0.0,0.0,0.0,,,
571,0.0,0.0,0.0,0.0,,,
621,0.0,0.0,0.0,0.0,,,
547,0.0,0.0,0.0,0.0,,,
607,0.0,0.0,0.0,0.0,,,
634,0.0,0.0,0.0,0.0,,,
452,0.0,0.0,0.0,0.0,,,
457,0.0,0.0,0.0,0.0,,,
275,0.0,0.0,0.0,0.0,,,
728,0.0,0.0,0.0,0.0,,,
691,0.0,0.0,0.0,0.0,,,
822,0.0,0.0,0.0,0.0,,,
700,0.0,0.0,0.0,0.0,,,
718,0.0,0.0,0.0,0.0,,,
681,0.0,0.0,0.0,0.0,,,
410,0.0,0.0,0.0,0.0,,,
677,0.0,0.0,0.0,0.0,,,
1915,0.0,0.0,0.0,0.0,,,
1229,0.0,0.0,0.0,0.0,,,
1171,0.0,0.0,0.0,0.0,,,
878,0.0,0.0,0.0,0.0,,,
423,0.0,0.0,0.0,0.0,,,
422,0.0,0.0,0.0,0.0,,,
865,0.0,0.0,0.0,0.0,,,
976,0.0,0.0,0.0,0.0,,,
797,0.0,0.0,0.0,0.0,,,
783,0.0,0.0,0.0,0.0,,,
1408,0.0,0.0,0.0,0.0,,,
661,0.0,0.0,0.0,0.0,,,
589,0.0,0.0,0.0,0.0,,,
1111,0.0,0.0,0.0,0.0,,,
759,0.0,0.0,0.0,0.0,,,
1036,0.0,0.0,0.0,0.0,,,
1079,0.0,0.0,0.0,0.0,,,
938,0.0,0.0,0.0,0.0,,,
631,0.0,0.0,0.0,0.0,,,
607,0.0,0.0,0.0,0.0,,,
1597,0.0,0.0,0.0,0.0,,,
1040,0.0,0.0,0.0,0.0,,,
891,0.0,0.0,0.0,0.0,,,
901,0.0,0.0,0.0,0.0,,,
987,0.0,0.0,0.0,0.0,,,
658,0.0,0.0,0.0,0.0,,,
467,0.0,0.0,0.0,0.0,,,
1118,0.0,0.0,0.0,0.0,,,
914,0.0,0.0,0.0,0.0,,,
1177,0.0,0.0,0.0,0.0,,,
985,0.0,0.0,0.0,0.0,,,
877,0.0,0.0,0.0,0.0,,,
292,0.0,0.0,0.0,0.0,,,
517,0.0,0.0,0.0,0.0,,,
922,0.0,0.0,0.0,0.0,,,
903,0.0,0.0,0.0,0.0,,,
1671,0.0,0.0,0.0,0.0,,,
1432,0.0,0.0,0.0,0.0,,,
1603,0.0,0.0,0.0,0.0,,,
887,0.0,0.0,0.0,0.0,,,
242,0.0,0.0,0.0,0.0,,,
862,0.0,0.0,0.0,0.0,,,
1547,0.0,0.0,0.0,0.0,,,
1233,0.0,0.0,0.0,0.0,,,
1066,0.0,0.0,0.0,0.0,,,
1279,0.0,0.0,0.0,0.0,,,
854,0.0,0.0,0.0,0.0,,,
209,0.0,0.0,0.0,0.0,,,
1190,0.0,0.0,0.0,0.0,,,
1534,0.0,0.0,0.0,0.0,,,
1033,0.0,0.0,0.0,0.0,,,
973,0.0,0.0,0.0,0.0,,,
608,0.0,0.0,0.0,0.0,,,
680,0.0,0.0,0.0,0.0,,,
520,0.0,0.0,0.0,0.0,,,
741,0.0,0.0,0.0,0.0,,,
1519,0.0,0.0,0.0,0.0,,,
670,0.0,0.0,0.0,0.0,,,
922,0.0,0.0,0.0,0.0,,,
765,0.0,0.0,0.0,0.0,,,
742,0.0,0.0,0.0,0.0,,,
119,0.0,0.0,0.0,0.0,,,
542,0.0,0.0,0.0,0.0,,,
1148,0.0,0.0,0.0,0.0,,,
903,0.0,0.0,0.0,0.0,,,
815,0.0,0.0,0.0,0.0,,,
870,0.0,0.0,0.0,0.0,,,
695,0.0,0.0,0.0,0.0,,,
308,0.0,0.0,0.0,0.0,,,
665,0.0,0.0,0.0,0.0,,,
1409,0.0,0.0,0.0,0.0,,,
1040,0.0,0.0,0.0,0.0,,,
1526,0.0,0.0,0.0,0.0,,,
1719,0.0,0.0,0.0,0.0,,,
2143,0.0,0.0,0.0,0.0,,,
317,0.0,0.0,0.0,0.0,,,
642,0.0,0.0,0.0,0.0,,,
1972,0.0,0.0,0.0,0.0,,,
732,0.0,0.0,0.0,0.0,,,
1872,0.0,0.0,0.0,0.0,,,
1491,0.0,0.0,0.0,0.0,,,
799,0.0,0.0,0.0,0.0,,,
292,0.0,0.0,0.0,0.0,,,
932,0.0,0.0,0.0,0.0,,,
2249,0.0,0.0,0.0,0.0,,,
1254,0.0,0.0,0.0,0.0,,,
1329,0.0,0.0,0.0,0.0,,,
1506,0.0,0.0,0.0,0.0,,,
766,0.0,0.0,0.0,0.0,,,
218,0.0,0.0,0.0,0.0,,,
784,0.0,0.0,0.0,0.0,,,
1298,0.0,0.0,0.0,0.0,,,
1537,0.0,0.0,0.0,0.0,,,
950,0.0,0.0,0.0,0.0,,,
817,0.0,0.0,0.0,0.0,,,
683,0.0,0.0,0.0,0.0,,,
305,0.0,0.0,0.0,0.0,,,
717,0.0,0.0,0.0,0.0,,,
1475,0.0,0.0,0.0,0.0,,,
1514,0.0,0.0,0.0,0.0,,,
803,0.0,0.0,0.0,0.0,,,
980,0.0,0.0,0.0,0.0,,,
205,0.0,0.0,0.0,0.0,,,
282,0.0,0.0,0.0,0.0,,,
856,0.0,0.0,0.0,0.0,,,
912,0.0,0.0,0.0,0.0,,,
1277,0.0,0.0,0.0,0.0,,,
1299,0.0,0.0,0.0,0.0,,,
763,0.0,0.0,0.0,0.0,,,
867,0.0,0.0,0.0,0.0,,,
134,0.0,0.0,0.0,0.0,,,
692,0.0,0.0,0.0,0.0,,,
1510,0.0,0.0,0.0,0.0,,,
826,0.0,0.0,0.0,0.0,,,
1819,0.0,0.0,0.0,0.0,,,
1344,0.0,0.0,0.0,0.0,,,
2021,0.0,0.0,0.0,0.0,,,
543,0.0,0.0,0.0,0.0,,,
1014,0.0,0.0,0.0,0.0,,,
1716,0.0,0.0,0.0,0.0,,,
1394,0.0,0.0,0.0,0.0,,,
845,0.0,0.0,0.0,0.0,,,
1045,0.0,0.0,0.0,0.0,,,
1002,0.0,0.0,0.0,0.0,,,
368,0.0,0.0,0.0,0.0,,,
548,0.0,0.0,0.0,0.0,,,
1323,0.0,0.0,0.0,0.0,,,
350,0.0,0.0,0.0,0.0,,,
725,0.0,0.0,0.0,0.0,,,
978,0.0,0.0,0.0,0.0,,,
1421,0.0,0.0,0.0,0.0,,,
362,0.0,0.0,0.0,0.0,,,
442,0.0,0.0,0.0,0.0,,,
919,0.0,0.0,0.0,0.0,,,
883,0.0,0.0,0.0,0.0,,,
1161,0.0,0.0,0.0,0.0,,,
953,0.0,0.0,0.0,0.0,,,
668,0.0,0.0,0.0,0.0,,,
381,0.0,0.0,0.0,0.0,,,
428,0.0,0.0,0.0,0.0,,,
1146,0.0,0.0,0.0,0.0,,,
996,0.0,0.0,0.0,0.0,,,
594,0.0,0.0,0.0,0.0,,,
1036,0.0,0.0,0.0,0.0,,,
767,0.0,0.0,0.0,0.0,,,
301,0.0,0.0,0.0,0.0,,,
492,0.0,0.0,0.0,0.0,,,
794,0.0,0.0,0.0,0.0,,,
908,0.0,0.0,0.0,0.0,,,
1396,0.0,0.0,0.0,0.0,,,
1375,0.0,0.0,0.0,0.0,,,
1208,0.0,0.0,0.0,0.0,,,
568,0.0,0.0,0.0,0.0,,,
988,0.0,0.0,0.0,0.0,,,
1203,0.0,0.0,0.0,0.0,,,
1008,0.0,0.0,0.0,0.0,,,
598,0.0,0.0,0.0,0.0,,,
909,0.0,0.0,0.0,0.0,,,
607,0.0,0.0,0.0,0.0,,,
246,0.0,0.0,0.0,0.0,,,
508,0.0,0.0,0.0,0.0,,,
476,0.0,0.0,0.0,0.0,,,
1151,0.0,0.0,0.0,0.0,,,
386,0.0,0.0,0.0,0.0,,,
759,0.0,0.0,0.0,0.0,,,
586,0.0,0.0,0.0,0.0,,,
70,0.0,0.0,0.0,0.0,,,
176,0.0,0.0,0.0,0.0,,,
1105,0.0,0.0,0.0,0.0,,,
787,0.0,0.0,0.0,0.0,,,
755,0.0,0.0,0.0,0.0,,,
917,0.0,0.0,0.0,0.0,,,
337,0.0,0.0,0.0,0.0,,,
72,0.0,0.0,0.0,0.0,,,
35,0.0,0.0,0.0,0.0,,,
720,0.0,0.0,0.0,0.0,,,
926,0.0,0.0,0.0,0.0,,,
818,0.0,0.0,0.0,0.0,,,
446,0.0,0.0,0.0,0.0,,,
81,0.0,0.0,0.0,0.0,,,
403,0.0,0.0,0.0,0.0,,,
568,0.0,0.0,0.0,0.0,,,
1186,0.0,0.0,0.0,0.0,,,
1000,0.0,0.0,0.0,0.0,,,
866,0.0,0.0,0.0,0.0,,,
1135,0.0,0.0,0.0,0.0,,,
101,0.0,0.0,0.0,0.0,,,
466,0.0,0.0,0.0,0.0,,,
1003,0.0,0.0,0.0,0.0,,,
1294,0.0,0.0,0.0,0.0,,,
1008,0.0,0.0,0.0,0.0,,,
763,0.0,0.0,0.0,0.0,,,
1201,0.0,0.0,0.0,0.0,,,
721,0.0,0.0,0.0,0.0,,,
436,0.0,0.0,0.0,0.0,,,
1061,0.0,0.0,0.0,0.0,,,
1748,0.0,0.0,0.0,0.0,,,
1687,0.0,0.0,0.0,0.0,,,
864,0.0,0.0,0.0,0.0,,,
3942,0.0,0.0,0.0,0.0,,,
674,0.0,0.0,0.0,0.0,,,
162,0.0,0.0,0.0,0.0,,,
924,0.0,0.0,0.0,0.0,,,
1747,0.0,0.0,0.0,0.0,,,
1874,0.0,0.0,0.0,0.0,,,
969,108.0,108.0,0.0,0.0,,,
1074,0.0,0.0,0.0,0.0,,,
3060,0.0,0.0,0.0,0.0,,,
275,0.0,0.0,0.0,0.0,,,
579,0.0,0.0,0.0,0.0,,,
1389,2874.0,2874.0,0.0,0.0,,,
2465,0.0,0.0,0.0,0.0,,,
687,0.0,0.0,0.0,0.0,,,
3092,0.0,0.0,0.0,0.0,,,
1049,0.0,0.0,0.0,0.0,,,
158,0.0,0.0,0.0,0.0,,,
293,0.0,0.0,0.0,0.0,,,
1111,0.0,0.0,0.0,0.0,,,
949,3246.0,3246.0,0.0,0.0,,,
2073,0.0,0.0,0.0,0.0,,,
1703,0.0,0.0,0.0,0.0,,,
1167,0.0,0.0,0.0,0.0,,,
325,0.0,0.0,0.0,0.0,,,
1176,0.0,0.0,0.0,0.0,,,
293,0.0,0.0,0.0,0.0,,,
2137,0.0,0.0,0.0,0.0,,,
1304,0.0,0.0,0.0,0.0,,,
2010,0.0,0.0,0.0,0.0,,,
1696,0.0,0.0,0.0,0.0,,,
478,0.0,0.0,0.0,0.0,,,
372,0.0,0.0,0.0,0.0,,,
146,1962.0,0.0,1962.0,0.0,,,
1641,0.0,0.0,0.0,0.0,,,
1416,0.0,0.0,0.0,0.0,,,
1821,0.0,0.0,0.0,0.0,,,
1576,0.0,0.0,0.0,0.0,,,
295,0.0,0.0,0.0,0.0,,,
812,0.0,0.0,0.0,0.0,,,
2999,16302.0,14556.0,1746.0,0.0,,,
2390,0.0,0.0,0.0,0.0,,,
1430,0.0,0.0,0.0,0.0,,,
1748,0.0,0.0,0.0,0.0,,,
1808,0.0,0.0,0.0,0.0,,,
212,17622.0,15102.0,2520.0,0.0,,,
358,0.0,0.0,0.0,0.0,,,
2747,0.0,0.0,0.0,0.0,,,
263,17202.0,17202.0,0.0,0.0,,,
1335,11832.0,11832.0,0.0,0.0,,,
1873,0.0,0.0,0.0,0.0,,,
1560,0.0,0.0,0.0,0.0,,,
115,3324.0,3324.0,0.0,0.0,,,
496,786.0,786.0,0.0,0.0,,,
1727,0.0,0.0,0.0,0.0,,,
1116,20657.0,20657.0,0.0,0.0,,,
1259,27261.0,27261.0,0.0,0.0,,,
1450,16183.0,2274.0,13909.0,0.0,,,
1555,0.0,0.0,0.0,0.0,,,
277,1832.0,1832.0,0.0,0.0,,,
356,0.0,0.0,0.0,0.0,,,
2744,0.0,0.0,0.0,0.0,,,
1831,0.0,0.0,0.0,0.0,,,
2214,0.0,0.0,0.0,0.0,,,
1225,0.0,0.0,0.0,0.0,,,
1730,37779.0,19711.0,18068.0,0.0,,,
253,0.0,0.0,0.0,0.0,,,
719,3291.0,2849.0,442.0,0.0,,,
3237,8918.0,8912.0,6.0,0.0,,,
1849,0.0,0.0,0.0,0.0,,,
2795,39591.0,19887.0,19704.0,0.0,,,
1248,4230.0,2229.0,2001.0,0.0,,,
1783,0.0,0.0,0.0,0.0,,,
642,9866.0,7687.0,2179.0,0.0,,,
2201,0.0,0.0,0.0,0.0,,,
1430,0.0,0.0,0.0,0.0,,,
1633,38240.0,22573.0,15667.0,0.0,,,
1650,0.0,0.0,0.0,0.0,,,
1137,0.0,0.0,0.0,0.0,,,
2506,17963.0,6818.0,11145.0,0.0,,,
1096,34024.0,16784.0,17240.0,0.0,,,
925,21690.0,15655.0,6035.0,0.0,,,
1902,0.0,0.0,0.0,0.0,,,
2015,6472.0,6472.0,0.0,0.0,,,
1059,0.0,0.0,0.0,0.0,,,
2199,0.0,0.0,0.0,0.0,,,
1940,0.0,0.0,0.0,0.0,,,
253,0.0,0.0,0.0,0.0,,,
519,0.0,0.0,0.0,0.0,,,
2950,117707.0,87549.0,30158.0,0.0,,,
4892,4170.0,0.0,4170.0,0.0,,,
533,29019.0,15839.0,13180.0,0.0,,,
2193,30981.0,23180.0,7801.0,0.0,,,
2389,9237.0,6894.0,2343.0,0.0,,,
17,23342.0,17778.0,5564.0,0.0,,,
591,23518.0,20066.0,3452.0,0.0,,,
1689,42473.0,35466.0,7007.0,0.0,,,
2550,31808.0,29121.0,2687.0,0.0,,,
5913,35694.0,28330.0,7364.0,0.0,,,
1448,21513.0,17513.0,4000.0,0.0,,,
608,11220.0,9053.0,2167.0,0.0,,,
1413,21552.0,13845.0,7707.0,0.0,,,
554,50686.0,40434.0,10252.0,0.0,,,
2333,45218.0,37722.0,7496.0,0.0,,,
3027,59472.0,57579.0,1893.0,0.0,,,
1173,66587.0,57021.0,9566.0,0.0,,,
2727,49342.0,43801.0,5541.0,0.0,,,
2710,30678.0,30138.0,540.0,0.0,,,
747,0.0,0.0,0.0,0.0,,,
3196,73790.0,67258.0,6532.0,0.0,,,
1806,40823.0,35321.0,5502.0,0.0,,,
2279,33591.0,28699.0,4892.0,0.0,,,
1561,30146.0,28382.0,1764.0,0.0,,,
2033,0.0,0.0,0.0,0.0,,,
1375,44140.0,42501.0,1639.0,0.0,,,
1764,0.0,0.0,0.0,0.0,,,
535,49234.0,42469.0,6765.0,0.0,,,
2037,16502.0,9837.0,6665.0,0.0,,,
1151,50200.0,25470.0,24730.0,0.0,,,
1219,50395.0,36372.0,14023.0,0.0,,,
2518,29643.0,14029.0,15614.0,0.0,,,
609,38788.0,26764.0,12024.0,0.0,,,
741,35729.0,24455.0,11274.0,0.0,,,
596,22946.0,261.0,22685.0,0.0,,,
1441,43671.0,21957.0,21714.0,0.0,,,
2348,100735.0,73995.0,26740.0,0.0,,,
1366,0.0,0.0,0.0,0.0,,,
1219,165248.0,104696.0,60552.0,0.0,,,
1011,53293.0,44361.0,8932.0,0.0,,,
347,0.0,0.0,0.0,0.0,,,
969,78810.0,61008.0,17802.0,0.0,,,
1064,0.0,0.0,0.0,0.0,,,
1098,85168.0,17100.0,68068.0,0.0,,,
836,62332.0,11283.0,51049.0,0.0,,,
1576,32827.0,14302.0,18525.0,0.0,,,
1100,19522.0,10490.0,9032.0,0.0,,,
196,0.0,0.0,0.0,0.0,,,
1653,162693.0,59587.0,103106.0,0.0,,,
1175,60191.0,34472.0,25719.0,0.0,,,
952,81329.0,45095.0,36234.0,0.0,,,
922,68618.0,42701.0,25917.0,0.0,,,
690,48147.0,29200.0,18947.0,0.0,,,
924,19823.0,17607.0,2216.0,0.0,,,
386,51266.0,33464.0,17802.0,0.0,,,
246,71173.0,52452.0,18721.0,0.0,,,
885,0.0,0.0,0.0,0.0,,,
2153,0.0,0.0,0.0,0.0,,,
1098,0.0,0.0,0.0,0.0,,,
987,0.0,0.0,0.0,0.0,,,
826,292927.0,165611.0,127316.0,0.0,,,
205,0.0,0.0,0.0,0.0,,,
235,52215.0,36730.0,15485.0,0.0,,,
1806,0.0,0.0,0.0,0.0,,,
1161,0.0,0.0,0.0,0.0,,,
2054,0.0,0.0,0.0,0.0,,,
1191,424867.0,271949.0,152918.0,0.0,,,
855,22413.0,17133.0,5280.0,0.0,,,
192,77559.0,57479.0,20080.0,0.0,,,
543,67159.0,53564.0,13595.0,0.0,,,
1931,72278.0,57288.0,14990.0,0.0,,,
376,81910.0,54998.0,26912.0,0.0,,,
2751,64683.0,51027.0,13656.0,0.0,,,
1128,47379.0,36745.0,10634.0,0.0,,,
974,32372.0,21212.0,11160.0,0.0,,,
1407,67019.0,46610.0,20409.0,0.0,,,
1746,61531.0,45438.0,16093.0,0.0,,,
1015,70031.0,47477.0,22554.0,0.0,,,
1034,79378.0,44241.0,35137.0,0.0,0.0,0.0,0.0
1619,44004.0,0.0,44004.0,0.0,0.0,0.0,0.0
985,105820.0,83629.0,22191.0,0.0,0.0,0.0,0.0
0,65789.0,43880.0,21909.0,0.0,0.0,0.0,0.0
507,129679.0,99222.0,30457.0,0.0,0.0,0.0,0.0
1302,147594.0,113621.0,33973.0,0.0,0.0,0.0,0.0
1078,163540.0,134874.0,28666.0,0.0,0.0,0.0,0.0
849,184606.0,151298.0,33308.0,0.0,0.0,0.0,0.0
1195,215690.0,202959.0,12731.0,0.0,0.0,0.0,0.0
903,260427.0,218498.0,41929.0,0.0,0.0,0.0,0.0
370,167032.0,155392.0,11640.0,0.0,0.0,0.0,0.0
68,0.0,0.0,0.0,0.0,0.0,0.0,0.0
2468,597715.0,541406.0,56309.0,0.0,0.0,0.0,0.0
875,507014.0,449778.0,57236.0,0.0,0.0,0.0,0.0
965,390825.0,368249.0,22576.0,0.0,0.0,0.0,0.0
925,310038.0,282461.0,27577.0,0.0,0.0,0.0,0.0
1568,291240.0,270837.0,20403.0,0.0,0.0,0.0,0.0
850,295348.0,280687.0,14661.0,0.0,0.0,0.0,0.0
247,289550.0,270033.0,19517.0,0.0,0.0,0.0,0.0
1634,239427.0,226171.0,13256.0,0.0,80.0,0.0,0.0
669,348583.0,309343.0,39240.0,0.0,79.0,0.0,0.0
1169,239464.0,215544.0,23920.0,0.0,80.0,0.0,0.0
936,215317.0,191150.0,24167.0,0.0,80.0,0.0,0.0
0,167212.0,154867.0,12345.0,0.0,80.0,0.0,0.0
0,202521.0,179875.0,22646.0,0.0,80.0,0.0,0.0
2227,170775.0,132175.0,38600.0,0.0,80.0,0.0,0.0
786,243846.0,187967.0,55879.0,0.0,80.0,0.0,0.0
0,288999.0,219817.0,69182.0,0.0,80.0,0.0,0.0
0,345764.0,273272.0,72492.0,0.0,80.0,0.0,0.0
0,292154.0,242825.0,49329.0,0.0,80.0,0.0,0.0
0,197867.0,163005.0,34862.0,0.0,80.0,0.0,0.0
0,0.0,0.0,0.0,0.0,80.0,0.0,0.0
0,312655.0,221848.0,90807.0,0.0,80.0,0.0,0.0
0,185339.0,88877.0,96462.0,0.0,80.0,0.0,0.0
0,220821.0,88287.0,132534.0,0.0,80.0,0.0,0.0
6623,245488.0,77846.0,167642.0,0.0,78.0,84.0,55.0
829,265429.0,60922.0,204507.0,0.0,77.0,81.0,52.0
646,234081.0,51953.0,182128.0,0.0,76.0,79.0,52.0
353,467863.0,291622.0,176241.0,0.0,73.0,78.0,47.0
81,0.0,0.0,0.0,0.0,76.0,80.0,45.0
98,0.0,0.0,0.0,0.0,76.0,79.0,44.0
785,745649.0,15282.0,730367.0,0.0,75.0,80.0,43.0
619,265894.0,1453.0,264441.0,0.0,73.0,80.0,44.0
581,215289.0,9408.0,205881.0,0.0,73.0,81.0,40.0
471,106012.0,975.0,105037.0,0.0,73.0,81.0,39.0
246,58104.0,419.0,57685.0,0.0,72.0,81.0,38.0
190,0.0,0.0,0.0,0.0,67.0,79.0,37.0
590,773807.0,1866.0,771941.0,0.0,66.0,79.0,38.0
897,363200.0,1369.0,361831.0,0.0,64.0,79.0,38.0
438,355661.0,1732.0,353929.0,0.0,63.0,82.0,39.0
815,265139.0,1361.0,263778.0,0.0,62.0,79.0,37.0
749,192889.0,521.0,192368.0,0.0,61.0,79.0,38.0
142,142607.0,601.0,142006.0,0.0,60.0,79.0,31.0
49,231973.0,6663.0,225310.0,0.0,61.0,71.0,34.0
468,217136.0,2260.0,214876.0,0.0,54.0,70.0,34.0
435,228933.0,6660.0,222273.0,0.0,49.0,66.0,29.0
453,236494.0,2270.0,234224.0,0.0,50.0,73.0,26.0
361,253558.0,2823.0,250735.0,0.0,48.0,63.0,29.0
605,192037.0,2344.0,189693.0,0.0,50.0,62.0,32.0
91,1064932.0,711855.0,353077.0,0.0,48.0,62.0,29.0
61,0.0,0.0,0.0,0.0,48.0,62.0,29.0
542,251652.0,0.0,251652.0,0.0,48.0,63.0,29.0
403,191705.0,0.0,191705.0,0.0,45.0,61.0,30.0
955,0.0,0.0,0.0,0.0,61.0,71.0,34.0
413,0.0,0.0,0.0,0.0,43.0,64.0,25.0
253,258788.0,0.0,258788.0,0.0,47.0,61.0,23.0
65,59761.0,0.0,59761.0,0.0,47.0,61.0,23.0
51,80480.0,0.0,80480.0,0.0,47.0,61.0,23.0
374,67643.0,0.0,67643.0,0.0,53.0,68.0,53.0
524,54755.0,0.0,54755.0,0.0,54.0,59.0,20.0
146,46752.0,0.0,46752.0,0.0,52.0,58.0,20.0
148,47669.0,0.0,47669.0,0.0,49.0,55.0,17.0
187,0.0,0.0,0.0,0.0,50.0,53.0,18.0
16,0.0,0.0,0.0,0.0,46.0,50.0,18.0
17,0.0,0.0,0.0,0.0,45.0,50.0,17.0
333,0.0,0.0,0.0,0.0,48.0,45.0,17.0
232,106848.0,0.0,106848.0,0.0,45.0,48.0,19.0
225,29822.0,0.0,29822.0,0.0,44.0,48.0,17.0
454,0.0,0.0,0.0,0.0,40.0,47.0,25.0
435,0.0,0.0,0.0,0.0,43.0,46.0,17.0
29,16196.0,0.0,16196.0,0.0,42.0,46.0,17.0
17,20338.0,44519.0,24181.0,0.0,44.0,46.0,17.0
411,63159.0,44519.0,18640.0,0.0,41.0,45.0,17.0
157,16572.0,0.0,16572.0,0.0,41.0,50.0,18.0
270,39075.0,24878.0,14197.0,0.0,40.0,43.0,16.0
214,39850.0,22389.0,17461.0,0.0,40.0,42.0,15.0
431,4971.0,2692.0,2279.0,0.0,35.0,44.0,17.0
152,1593.0,714.0,879.0,0.0,38.0,45.0,18.0
70,48305.0,34779.0,13526.0,0.0,38.0,45.0,18.0
513,107232.0,94770.0,12462.0,0.0,39.0,46.0,17.0
375,68064.0,54738.0,13326.0,0.0,42.0,47.0,17.0
564,55454.0,44129.0,11325.0,0.0,44.0,46.0,16.0
442,79735.0,64925.0,14810.0,0.0,39.0,43.0,16.0
306,4996.0,3683.0,1313.0,0.0,40.0,41.0,13.0
29,1612.0,996.0,616.0,0.0,36.0,47.0,13.0
113,44861.0,29617.0,15244.0,0.0,31.0,50.0,12.0
250,44529.0,32815.0,11714.0,0.0,32.0,48.0,12.0
229,46624.0,33598.0,13026.0,0.0,36.0,48.0,12.0
153,42869.0,33738.0,9131.0,0.0,35.0,52.0,19.0
205,1949.0,981.0,967.0,1.0,29.0,44.0,12.0
71,984.0,453.0,531.0,0.0,33.0,48.0,13.0
75,788.0,317.0,471.0,0.0,30.0,45.0,19.0
27,43017.0,28490.0,14527.0,0.0,29.0,45.0,19.0
631,46702.0,35291.0,11411.0,0.0,27.0,42.0,20.0
324,43135.0,33905.0,9230.0,0.0,32.0,42.0,17.0
126,47976.0,35268.0,12708.0,0.0,36.0,42.0,15.0
150,47276.0,30248.0,17028.0,0.0,39.0,41.0,15.0
255,8842.0,6373.0,2469.0,0.0,37.0,40.0,12.0
119,4883.0,3717.0,1166.0,0.0,36.0,40.0,12.0
55,68306.0,49211.0,17754.0,1341.0,34.0,46.0,17.0
356,93280.0,71719.0,18751.0,2810.0,34.0,37.0,17.0
569,120868.0,94859.0,23946.0,2063.0,32.0,43.0,16.0
386,137111.0,109934.0,23545.0,3632.0,28.0,49.0,17.0
269,129483.0,96979.0,26303.0,6201.0,30.0,47.0,17.0
295,16500.0,9838.0,4776.0,1886.0,31.0,49.0,19.0
26,5927.0,3627.0,1462.0,838.0,31.0,47.0,20.0
27,112324.0,82473.0,25836.0,4015.0,34.0,51.0,18.0
200,127721.0,90011.0,28972.0,8738.0,33.0,47.0,18.0
308,128536.0,89977.0,26702.0,11857.0,35.0,58.0,18.0
263,128127.0,90964.0,28967.0,8196.0,32.0,57.0,17.0
501,110301.0,76710.0,27714.0,5877.0,34.0,56.0,17.0
271,8010.0,3113.0,4020.0,877.0,36.0,56.0,16.0
60,3095.0,1026.0,1453.0,616.0,35.0,56.0,15.0
913,2677.0,1081.0,1076.0,520.0,37.0,55.0,16.0
48,2661.0,1174.0,856.0,631.0,38.0,54.0,15.0
55,3807.0,1543.0,1380.0,884.0,46.0,59.0,17.0
315,86542.0,51448.0,25802.0,9292.0,50.0,59.0,18.0
386,0.0,0.0,0.0,0.0,51.0,58.0,18.0
411,0.0,0.0,0.0,0.0,47.0,60.0,18.0
96,102075.0,58111.0,27039.0,16925.0,45.0,58.0,16.0
78,92067.0,51504.0,26451.0,14112.0,45.0,62.0,17.0
407,102079.0,56635.0,32190.0,13254.0,42.0,46.0,16.0
329,114171.0,61298.0,37358.0,15515.0,44.0,61.0,15.0
387,105751.0,53373.0,38825.0,13553.0,45.0,47.0,17.0
596,94289.0,48222.0,31743.0,14324.0,49.0,59.0,15.0
419,37250.0,25801.0,7953.0,3496.0,45.0,60.0,15.0
94,27877.0,19066.0,5292.0,3519.0,44.0,56.0,15.0
53,102423.0,49090.0,36340.0,16993.0,41.0,60.0,14.0
547,121402.0,58582.0,45403.0,17417.0,41.0,64.0,12.0
391,134487.0,54949.0,54729.0,24809.0,42.0,65.0,13.0
572,130337.0,47411.0,61556.0,21370.0,45.0,73.0,15.0
492,133086.0,53657.0,62562.0,16867.0,45.0,66.0,17.0
364,58488.0,26772.0,24284.0,7432.0,47.0,65.0,17.0
142,39585.0,17434.0,16875.0,5276.0,48.0,68.0,16.0
79,128675.0,42303.0,65797.0,20575.0,50.0,67.0,22.0
453,140556.0,49900.0,71603.0,19053.0,47.0,67.0,20.0
513,154982.0,51464.0,87427.0,16091.0,50.0,67.0,20.0
432,150409.0,49218.0,86288.0,14903.0,55.0,65.0,21.0
307,147245.0,44428.0,85040.0,17777.0,55.0,66.0,19.0
478,40754.0,15885.0,16637.0,8232.0,54.0,67.0,18.0
185,20929.0,7217.0,8983.0,4729.0,47.0,66.0,18.0
70,112959.0,30081.0,60501.0,22377.0,51.0,57.0,19.0
463,113323.0,36006.0,55159.0,22158.0,56.0,72.0,21.0
355,211563.0,69888.0,111468.0,18617.0,56.0,69.0,19.0
413,113909.0,27818.0,53537.0,44144.0,55.0,66.0,20.0
489,98764.0,22059.0,48106.0,28599.0,55.0,68.0,21.0
584,32375.0,6710.0,13488.0,12177.0,52.0,67.0,23.0
175,17163.0,3489.0,6753.0,6921.0,50.0,68.0,21.0
107,77690.0,16962.0,36632.0,24096.0,55.0,69.0,20.0
670,97495.0,16834.0,46667.0,33994.0,61.0,71.0,19.0
739,93951.0,14694.0,52918.0,26339.0,55.0,70.0,22.0
942,109601.0,19783.0,64487.0,25331.0,54.0,69.0,22.0
623,114158.0,22225.0,67498.0,24435.0,53.0,74.0,19.0
760,52754.0,11066.0,29434.0,12254.0,54.0,74.0,21.0
267,31764.0,6456.0,16342.0,8966.0,53.0,76.0,22.0
131,111430.0,17088.0,70415.0,23927.0,55.0,76.0,22.0
588,102176.0,17897.0,63582.0,20697.0,55.0,74.0,25.0
581,115950.0,21738.0,70351.0,23861.0,52.0,76.0,22.0
657,0.0,0.0,0.0,0.0,51.0,75.0,22.0
